anon_id,mfcc_1_std,shimmer,pitch_delta_std,jitter,label,split
call_0181ce113ebe,91.01022,0.26722848,47.680902270998125,0.16090949151005,synthetic,train
call_018c9d3823ac,138.03633,0.2475215,45.53599799324206,0.10917698823553731,synthetic,train
call_01bf49059daf,84.62169,0.21247247,33.65127140885506,0.10603740759325998,synthetic,train
call_01c3806808d6,105.75454,0.24951495,63.282736490720644,0.23711590712793534,synthetic,train
call_0294f969f98b,79.351074,0.22082828,17.22457682566584,0.05937558320263383,synthetic,val
call_02c249d2f89d,90.60471,0.18612216,10.078379208268672,0.04251522883272922,synthetic,train
call_02d28871d7b3,86.826035,0.22371015,35.94460910672167,0.08859890106571462,synthetic,train
call_03680846967f,92.593994,0.26913628,49.733418046236594,0.16123697682397678,synthetic,train
call_04d682ac0cef,70.255936,0.17731188,48.566213220873585,0.09570884033454097,human,train
call_05d6615469e1,64.281006,0.21445274,24.452844749327717,0.05592727449860963,synthetic,train
call_0615c3630150,162.07275,0.2685744,50.617789334280396,0.17157290065271108,human,train
call_064d8dd77899,56.181343,0.16184215,53.36193724626753,0.14462393842612156,synthetic,train
call_06b5a78ea12e,89.8945,0.22361429,29.709372765275592,0.08973031187972304,synthetic,train
call_0847d7417bb1,80.88385,0.22316541,24.4990189744699,0.06394721741186213,synthetic,val
call_092aef8d1243,158.81244,0.3049079,57.82794881946562,0.19991638237694556,human,train
call_098d8081babe,94.77689,0.20321612,34.47549597078058,0.0978696088125226,synthetic,train
call_099dffdf8486,94.95205,0.18399714,21.230774046371717,0.04315190961495118,synthetic,train
call_0a9c546208d1,95.43083,0.2521075,31.11845786952882,0.07138001589546725,human,train
call_0ab7d2a0c0f5,131.10641,0.24155168,48.3822742722187,0.11629567565739256,human,train
call_0cf2f4a71328,73.10939,0.19545329,26.290622365965806,0.06110946769560139,synthetic,val
call_0e101713ee94,101.83637,0.2813872,50.75515603169729,0.18757816103853625,synthetic,train
call_0e1e2f29bfdc,101.16406,0.21670663,30.16852516776246,0.06586738613721284,human,val
call_10aa0d1d33f0,115.48991,0.21241613,30.15239731362362,0.0875490034927101,human,val
call_10ceaf16fbbf,99.2231,0.17814934,16.374935756628517,0.05227316043303332,synthetic,train
call_11d3230256a1,127.75328,0.24878797,40.355802020251765,0.0970341877642404,human,train
call_120d6007bcc1,84.36225,0.22026001,22.673416159365853,0.07465874057858432,synthetic,val
call_1612f093f8b5,76.46965,0.22861399,54.17636249575446,0.2063409146573807,human,train
call_16581bcbc272,133.97478,0.24598528,45.705331487771,0.15841481114465747,human,train
call_1761edbd6952,123.485344,0.22190768,60.38792181797793,0.2102199156939568,human,train
call_181a5049ecae,105.63412,0.22134152,34.90272474433242,0.09064084320826342,synthetic,val
call_185e958a253b,111.57128,0.24783683,35.47042904574455,0.09491464824460957,human,val
call_186e9d6ee732,59.02848,0.17285296,28.33170513594075,0.07356732531268366,synthetic,train
call_189410107163,51.115276,0.19604863,36.8099319750747,0.10432942078845818,synthetic,train
call_18bd3c505fd5,88.47958,0.19882652,46.99392506789349,0.1190667509831032,synthetic,train
call_198ef413fe4a,87.97782,0.27827674,56.526052852227984,0.1682270642844461,human,val
call_1a2f3635b411,74.27976,0.27570555,48.45073071737783,0.19218816584051943,synthetic,train
call_1ad99899456c,95.36792,0.21798731,56.8803832787311,0.18809337623233027,synthetic,train
call_1ba56b3cce45,78.970085,0.27729368,49.63034106879087,0.16187422921796768,synthetic,train
call_1bf0aa4d4324,90.68326,0.21561533,35.34917698313652,0.05999605324094736,human,train
call_1c1c0cce9fb5,126.27864,0.20335959,45.278082150285314,0.10432221632168742,human,val
call_1cc930924760,51.156944,0.16215923,50.23065847084719,0.16432062241640444,synthetic,train
call_1ee2936b46a7,81.499725,0.24658635,30.508598136677055,0.11561240799585298,synthetic,train
call_224586045e67,98.3389,0.25469437,85.55252810600115,0.2270666225571665,human,train
call_22d0f235a47e,118.83388,0.22043936,62.22763481920346,0.12736535557709505,human,train
call_22eacbc23d18,120.117775,0.24892123,38.59613389997179,0.12757553688562775,human,train
call_23991b635849,85.74193,0.21586627,40.80083806044852,0.10430104782587368,human,train
call_24e1989c4d6d,58.650124,0.18933952,49.32307206391677,0.138619456730031,synthetic,train
call_253156878935,105.55625,0.20629528,13.180061307883735,0.0405369731207401,synthetic,train
call_26be2ced1f65,88.66263,0.1762623,37.407754220507904,0.09894440246433873,synthetic,train
call_2741c273bfcc,67.83856,0.21590379,24.206984365069356,0.0745910996971889,synthetic,train
call_290aacdf95ca,86.738304,0.19508319,15.580115741205118,0.037427658045721984,synthetic,train
call_29a23dea3118,64.60721,0.19703428,36.44741819469604,0.0987300053465248,synthetic,train
call_29e423c5b8aa,161.34297,0.25391287,53.40758602600194,0.14344403690701282,human,train
call_29f2b21b3d8a,88.97397,0.18221748,49.52269562191232,0.14554534070370356,synthetic,train
call_29fddbedd6a4,71.065796,0.22066328,43.14831065053668,0.17288451776699604,human,train
call_2a34be1bd407,115.66902,0.24755974,52.65957818978692,0.13635743542617818,human,train
call_2cd6a0b37e59,90.53216,0.18553519,18.50774572572461,0.03259141038131996,synthetic,train
call_2d2c74bdeb7b,98.412926,0.21910988,37.157142506906105,0.05673327968639398,human,train
call_2d4374d86df7,45.315163,0.17091154,52.09479689295644,0.20260225862768327,synthetic,val
call_30c4f6565eec,68.49082,0.18794651,47.3450157854019,0.1326420073189767,synthetic,train
call_312805f2b67f,75.97503,0.17688783,6.20766749850866,0.03708918639931294,synthetic,train
call_3332ecee2806,157.09862,0.24323602,54.62729133034154,0.15650281992801782,human,train
call_349b9fddaff0,128.86647,0.2334516,55.83771675867631,0.14698866517524606,human,train
call_34f4c668dbe8,114.19625,0.24926579,53.14570693668995,0.17623364371154732,human,train
call_35966c559fcc,157.68538,0.20193526,41.88188393539259,0.10220477954648773,human,train
call_36640e327eaf,127.49033,0.26993185,62.4639585068151,0.2066845381597675,human,train
call_36d72e4b1aef,84.300964,0.208963,23.10097263097576,0.08350256032335256,synthetic,val
call_373750027ccd,83.18456,0.20940335,33.391286478777516,0.058925890288346494,synthetic,train
call_374f870c8124,59.366573,0.20800222,45.5551071769991,0.12072852711293204,synthetic,train
call_37e63dcc8185,81.10506,0.18017064,49.93471868465131,0.1633753811425845,synthetic,train
call_387c5493a07f,82.41318,0.16703649,10.027361011112523,0.038373152809594524,synthetic,train
call_39880aff21ed,50.89328,0.1741135,47.772681188601126,0.12130826039461227,synthetic,train
call_3adbf4ac0f30,89.02984,0.22159645,78.68991815312333,0.20138090528920888,human,train
call_3b1bf9fab29d,95.03766,0.24861759,36.06453027723299,0.09776112597463671,human,train
call_3b9afdd4a2df,142.1632,0.23985372,35.11422584109921,0.1014723247354614,human,val
call_3ca96b2dd5c4,107.29842,0.26264256,79.83450785010498,0.15968883687818025,human,train
call_3cd08cbaf55c,92.29146,0.22012435,28.887238579315312,0.07405861153710772,synthetic,train
call_3d69be34ef44,99.6098,0.22268474,83.14904295020095,0.2140239087143047,human,train
call_3f3ac4984431,86.42272,0.24826807,93.28351149512078,0.24085981374645238,human,train
call_415d987a1504,79.16048,0.20683903,30.748504952854706,0.07994412079603386,synthetic,train
call_41fc5fd779c9,88.35902,0.19883744,48.8455724824465,0.12782205749761114,synthetic,train
call_450b4e13468b,82.65402,0.19969031,33.17975581923797,0.07796355630410072,synthetic,train
call_4789ebd9b148,66.03277,0.2232256,42.863831099711724,0.18767944449219054,synthetic,train
call_47bef2f628eb,72.692635,0.21464677,27.58612279979565,0.04866170971865295,human,val
call_486215b37ca1,80.83547,0.2140594,54.21631428250327,0.20740673588894556,human,train
call_488e7b893457,113.051994,0.24253614,46.26074703497703,0.1553859685318003,human,train
call_4ac92327c83b,76.24436,0.21140131,33.845411824980516,0.10719107345786558,human,train
call_4affad158a4c,71.149704,0.17925957,15.269093583114138,0.05964396662611943,synthetic,val
call_4b1bec58d02d,62.651035,0.16484638,36.6949642401165,0.09289416284819478,synthetic,train
call_4baef170cf46,134.86345,0.23692594,45.43790884795132,0.14594359001194526,human,train
call_4c278007298d,117.80532,0.20977025,55.9878393913199,0.0970824948951564,human,train
call_4c8c40f7c2fd,123.81821,0.25574687,38.15062041090714,0.09413200035373155,human,train
call_4cd5b14fbe3c,77.91834,0.18036515,53.28898609292191,0.162910361100772,synthetic,train
call_4d8129939686,85.9594,0.19865333,53.70153601650512,0.17695267219817298,synthetic,train
call_4e60206f7e8a,109.35738,0.21620925,57.22139892831564,0.09829537317662942,human,train
call_4e9cec0da4ea,70.35492,0.16290754,9.725372353726708,0.040019660978624895,synthetic,train
call_4f0dad5104b3,122.02466,0.22673641,55.78872366060569,0.17828145815271923,human,train
call_51851f91f064,110.1942,0.23733857,49.049746020240825,0.1608406918826104,human,train
call_5273f6be303c,107.310265,0.24398546,66.93386862192246,0.13548180689306338,human,train
call_52ba7c3bd761,53.983482,0.19505447,25.8034785717798,0.07278823897926129,synthetic,train
call_52bfee0220ab,73.899536,0.21437196,24.79382290975677,0.06589036140548261,synthetic,train
call_54a09817b7e2,76.27973,0.18065485,14.679110089283366,0.039483007787009416,synthetic,train
call_565b6523733e,120.4002,0.23866373,46.14406725088055,0.13945767787091892,human,train
call_568b5e814bc3,132.84473,0.25381637,47.17527669444695,0.13669738806624607,human,train
call_569ffb0869eb,107.07356,0.1966767,51.61343109599526,0.1464907655879707,human,val
call_56f58de34ea0,39.949684,0.18433776,55.58754339045204,0.1580936599005509,synthetic,train
call_578504f9f39e,97.59739,0.15964414,24.126721009550046,0.044456437755780995,synthetic,train
call_57f113803718,117.77424,0.22858106,44.40717975646431,0.13262802195896795,human,train
call_5823cd70919d,87.27329,0.23272477,44.79129570594334,0.15668862787144286,synthetic,train
call_58a0f7394bc3,83.00788,0.21644185,31.015064187480014,0.07479560548278999,synthetic,train
call_58ed2170e352,93.693054,0.22114241,55.48448859161526,0.2104608784667778,human,val
call_5a6307557d57,125.19043,0.23449475,47.47007509717961,0.17086583427250393,human,train
call_5a7a7e3c9588,68.24174,0.17794552,21.40177583911848,0.06085376553198646,synthetic,train
call_5c9d19646f57,114.34037,0.21957293,60.3461597512315,0.21176527028790665,human,train
call_5d86f0ca06aa,48.92907,0.16578339,52.666435597437946,0.136520100845055,synthetic,train
call_5e4539a471f6,55.118046,0.1576862,43.044160114201844,0.14755924384255067,synthetic,val
call_5f7a4b3e8ca9,163.21172,0.21230583,38.215868235276844,0.09914113065979689,human,train
call_6058d9c5c82f,87.140686,0.25677398,24.985113740328487,0.052362848061486944,synthetic,val
call_60ffdefc5f5a,106.526146,0.1883444,48.53611317891726,0.11094950096615247,human,train
call_624a4731ab56,122.135345,0.23013344,78.8248931419103,0.22929999249457697,human,train
call_63a156c6b8d9,92.41083,0.20472966,40.5446301245122,0.09826157217830811,human,train
call_64637c20ee66,155.44199,0.25874716,60.046292639934116,0.16376095982677694,human,val
call_65a7cdefc22d,156.70248,0.25514916,48.43525194599213,0.13809671630384657,human,train
call_6756c4a91509,89.39925,0.17444217,11.14750638785465,0.04197400937908678,synthetic,train
call_678ee1dd2242,84.08367,0.18642694,41.58773138217723,0.11996904458627504,human,val
call_68544c09a58b,49.939217,0.23419955,28.073933231125157,0.0737589442954748,synthetic,train
call_6971b2685c1d,73.02826,0.21203494,49.78232939495946,0.16712808607909538,human,val
call_6afd8cabf618,66.46489,0.20794305,29.879896709838125,0.0782362678182312,synthetic,train
call_6b0cc9c966a1,114.298096,0.2584953,42.25288427262634,0.11922486304087573,human,train
call_6b31fbd81fc3,46.483597,0.18302946,51.64846114239676,0.20133614782034476,synthetic,train
call_6b6499e4474f,104.30135,0.17028531,45.45376279493914,0.14430776780650173,synthetic,train
call_6c8d4490f8d7,102.57481,0.19238573,21.744859350469344,0.0738348691190844,synthetic,val
call_6d88a2e95795,161.51114,0.22118816,61.506086277153685,0.20595897874918487,human,train
call_6dfa70c50ea5,42.88067,0.17844844,41.40529196433352,0.12535796324058618,synthetic,train
call_6e83cb807322,101.40081,0.2454084,42.73318228875375,0.12171108508457057,human,train
call_70101b573bb2,50.60649,0.22365175,29.59922067394618,0.08832983957071189,synthetic,train
call_70de89818ee5,53.799282,0.19674769,24.65163903257817,0.07370940767342986,synthetic,train
call_716d56beca2a,138.97075,0.25849426,45.52413269160943,0.1420931422996506,human,train
call_71fec5a6b017,73.74737,0.22634396,25.094303819442505,0.0694091077157853,synthetic,train
call_743448b8a861,89.77243,0.19717404,23.97896914841445,0.08813227844851859,synthetic,val
call_74b20933dd43,136.84984,0.2801382,58.477995087622055,0.2089036194702707,human,val
call_750153d8eb40,75.384544,0.21678098,49.553654566395316,0.1693760010684443,human,train
call_7519d635bbbb,74.90268,0.21107507,53.055445146069154,0.14875885369655098,synthetic,train
call_7601ac7d4fbf,81.45798,0.20559326,33.33590501499374,0.08744217953116923,synthetic,train
call_76856257e3ef,79.74615,0.193704,28.91702337885675,0.09224738281019824,synthetic,train
call_7744ab92baa3,99.79784,0.25774652,40.49647810914135,0.09035064486169418,human,train
call_794031bf2233,40.06167,0.13723463,59.26002049808714,0.2503445834168634,synthetic,train
call_7a250598cb8b,55.42687,0.1863169,11.825766659915889,0.047663036575799005,synthetic,train
call_7a345e2b0f37,61.183018,0.20765865,38.032221359004616,0.11419596859829786,synthetic,train
call_7ae75e4aa32f,79.12295,0.18320827,14.002873186423777,0.04148080193965474,synthetic,train
call_7b14e69a57bd,52.178528,0.1775163,64.21148739741867,0.2864097558811055,synthetic,train
call_7b1e73c133f8,84.300735,0.20802648,17.9355346538033,0.06580076879066131,synthetic,val
call_7d4f3b80384e,118.73353,0.20277773,36.09179446054121,0.07767661458712657,synthetic,train
call_7d5b26105bb5,83.53784,0.19642247,31.85411014511378,0.0791083048127079,synthetic,train
call_7f82debeb19b,118.50717,0.25936374,49.47939152550023,0.15515538008455076,human,train
call_802282383eb2,93.38007,0.19280282,8.585255136545342,0.03701001766591242,synthetic,train
call_810c24005ecc,66.75436,0.1800496,23.90611746902035,0.08799272155157424,synthetic,val
call_810e3066a7b4,82.79506,0.19466686,33.22313303237359,0.0845749737938297,synthetic,val
call_81b12145be34,90.21482,0.2266378,48.50296571046337,0.09626566262677791,synthetic,train
call_81b98c77cf99,100.3658,0.24986659,61.28857213768183,0.11067345796607592,human,train
call_850d796d23a7,87.16729,0.22695564,30.29766710555358,0.06231243603139934,synthetic,train
call_8570ae0e7d61,96.227165,0.18559901,20.690742080993026,0.04260504422706703,synthetic,train
call_8834a90f11cd,67.925255,0.19751096,35.24561669548254,0.13537332447975348,human,train
call_8893de2fe204,85.92556,0.17564507,54.62722105831835,0.18885504516831786,synthetic,train
call_88cd54e1e505,93.4294,0.1854387,10.040778165085968,0.041455345128780983,synthetic,train
call_88d7858b7921,82.46009,0.20003052,30.128742825294218,0.059495462405423465,synthetic,train
call_893d552b156a,112.48071,0.2615658,54.18974923511502,0.163318184903783,human,train
call_8a3996f823e4,104.462364,0.22610433,47.8490825653689,0.18105429312202884,human,train
call_8a570a10920b,79.570145,0.18159607,49.453965784590245,0.12864531624969983,synthetic,train
call_8a61615c9927,147.68845,0.30380133,55.253278361322515,0.15247101424796589,human,train
call_8a9391c1823b,167.30975,0.2548456,52.819090989148485,0.13938498442030287,human,train
call_8ade6f74aa33,82.921844,0.23931299,35.06070354529516,0.09356085423543029,synthetic,train
call_8ae3fce602f3,81.25242,0.18473828,7.336287431838189,0.03694254798002664,synthetic,train
call_8c2ebe3761bb,75.578255,0.21626039,36.52604668774907,0.10079504868715354,synthetic,train
call_8c6b33721067,69.49214,0.24957152,44.69126823542141,0.16822153054908812,synthetic,train
call_8cafd2754e55,76.20471,0.15868671,17.226725527400486,0.06841279220015914,synthetic,val
call_8d3ea77f4bb4,79.883545,0.19367386,12.377648592131836,0.041394316991863134,synthetic,train
call_8d6cd93e02b8,97.21791,0.25453123,52.92498351769224,0.19430091868360533,human,train
call_8d75a71e6126,94.74051,0.1785002,19.081620543983846,0.06639222496936557,synthetic,val
call_8da8b9947630,83.17936,0.19128346,42.932510151520546,0.11244899561548956,human,val
call_8e6c9fa78a21,81.19724,0.18502787,53.458997664914804,0.13500601354708133,synthetic,train
call_8ed994ce484f,85.56797,0.18934652,10.989836699715704,0.0346021863759774,synthetic,train
call_8ee1e10130a2,88.11038,0.22408693,33.413869051880795,0.0968357910138859,synthetic,train
call_8f8e2145bc91,85.94012,0.27076876,49.48569085745843,0.1669936289798929,synthetic,train
call_9083846f078a,94.91433,0.17534156,15.604599121906329,0.03394828002975736,synthetic,train
call_91a25cd95998,62.14993,0.2037466,34.90830832720241,0.08812478835464148,synthetic,train
call_924e8a27e4de,126.70742,0.25944763,41.133307847162285,0.10702675201214526,human,train
call_925ba94f05a4,51.92709,0.18826674,46.558481790272744,0.14777929097700043,synthetic,val
call_927c1f5f2007,87.8502,0.20148607,9.639692845824095,0.036660678714093085,synthetic,train
call_9491f635b944,81.04687,0.24589048,36.88733283254246,0.0660068096300017,synthetic,train
call_94a8c8502249,100.29925,0.28469917,49.652354362574016,0.16546192661263298,human,train
call_957a8384caff,93.56594,0.22536004,33.440273373902144,0.08971500173674478,synthetic,val
call_95ccefc6e4ce,98.843376,0.22881854,34.36296106572945,0.10228498832488599,human,val
call_9741efdd34af,78.31042,0.22072698,52.51725742400133,0.16957095746727482,human,train
call_97701e543c60,61.057293,0.1684181,45.016919238650885,0.11129465949174941,synthetic,train
call_989dad5aa1af,96.37875,0.24501796,34.89512578427807,0.11956677459215473,human,train
call_9a3d5b0a64a3,93.45471,0.21113001,35.45690929289227,0.10003114309254094,human,val
call_9bb847dfc83e,83.420425,0.19388066,40.33261309059108,0.1112053968764089,human,val
call_9c2dbbd1fe2e,101.65405,0.20854187,38.95869084450644,0.07300603723668762,synthetic,train
call_9dc1a304389f,83.427124,0.15821923,10.087700710974943,0.040195094017718674,synthetic,train
call_9f11e2c5441c,146.35634,0.2784819,60.3000213184641,0.1536725027477715,human,val
call_a0fbbe7bfec4,133.97943,0.2486135,40.22565149484596,0.12954194939408706,human,train
call_a2aa58c1750b,116.31663,0.2693632,79.69448461183367,0.16681091228727055,human,train
call_a381913d938c,58.956932,0.17735822,45.00767870731629,0.112861772045869,synthetic,train
call_a3a1f51a4bf9,80.22493,0.19527352,23.892809276661815,0.06937620939551363,synthetic,val
call_a426226cf8b9,51.131065,0.16239655,20.401214321128624,0.05648285247631377,synthetic,train
call_a4683528fef4,125.363495,0.24271719,41.59221969245451,0.12304977071288599,human,train
call_a49598543013,92.22371,0.20394737,26.973407911578814,0.05494913728238633,synthetic,train
call_a6481017c744,63.16487,0.20278825,25.306347384539652,0.07391050204128878,synthetic,train
call_a71916766a4f,79.031136,0.23452112,32.9507507047421,0.07881568129511123,synthetic,train
call_a766613f8c8a,155.5095,0.2093293,38.09465990723831,0.09610171525258711,human,train
call_a7c95e99f3b6,130.59206,0.20968589,42.17720894140384,0.09837970082580744,human,val
call_a7df1d46e72b,93.23075,0.27837884,46.74120648453652,0.16048854615431069,synthetic,train
call_a7ea289a43fd,51.508514,0.2001535,25.70071742394669,0.07682571585884701,synthetic,train
call_a8ca5b456ce4,95.21101,0.2095515,44.05261454277158,0.10619233085259742,synthetic,train
call_a9d29125d786,61.219185,0.18718097,33.55046394477865,0.06850040675122994,synthetic,train
call_abf730747901,103.9778,0.24548894,52.10915491817752,0.17130519390264487,human,val
call_ac80248cae29,94.252975,0.17301315,57.94534047561511,0.1902238219796092,synthetic,train
call_acda78859d0d,105.179184,0.2503628,41.645679173359,0.08315616914789396,human,train
call_ad8e23b11d98,57.000935,0.17929335,25.051895238434938,0.061062402033813794,synthetic,train
call_adf30039caa2,58.3553,0.19264288,29.27085580056158,0.07315829828703503,synthetic,train
call_aed9b45d6c31,105.255,0.21063091,33.1258088187132,0.07030384390036579,synthetic,train
call_af9ad367dcce,105.45312,0.18876037,25.98763036572498,0.08389672896102018,synthetic,val
call_b0836ff3142a,82.339775,0.18203825,39.51258647372135,0.10869102882384207,synthetic,train
call_b167dd907a80,102.5196,0.209055,38.863261832368764,0.11184035400296619,synthetic,train
call_b2594d9c3ffd,85.51871,0.17672783,50.70749145609471,0.13723326544984513,synthetic,train
call_b382ffa5187d,94.23023,0.19872995,51.13246082141164,0.10246722575650556,human,train
call_b3f14bd5c2b6,47.894104,0.16714579,47.22126620950686,0.14182169457788038,synthetic,train
call_b41c86402714,95.17874,0.22021809,52.02559064425689,0.2035635344250224,human,train
call_b5840ec7dd5e,79.63061,0.15942845,9.035342477619496,0.0388075124734068,synthetic,train
call_b5c4803ea37c,71.27249,0.23919746,30.413900581921308,0.05662072942654353,human,train
call_b5cc1f8d8fee,132.30103,0.24259783,33.09045307850966,0.11378551942659369,human,val
call_b658b1155216,126.82577,0.2562143,43.38967540189588,0.14432494107235166,human,val
call_b712f501aeb8,57.76032,0.16815098,38.286310278142764,0.09837071566222763,synthetic,val
call_b72eccd91b8c,97.13509,0.21775873,23.724392395072467,0.05391327297159739,synthetic,train
call_b78e6c8e05d3,134.81595,0.2651671,53.871344445625304,0.15788184555219953,human,train
call_b7c3a7552903,76.18012,0.15944822,7.874984378005935,0.035539366028993796,synthetic,train
call_b956718b62ae,82.96721,0.20382033,8.354281626376233,0.03473656576404063,synthetic,train
call_b96e9305d9a2,136.73497,0.2380329,58.392734817593485,0.16864124841972156,human,train
call_bac44092a11a,91.93281,0.23870845,32.33800204548584,0.09841281184270834,human,train
call_bba20372ca37,93.44282,0.21480204,32.527433763078776,0.0913325462946304,synthetic,train
call_bc24a38d8bf2,52.52887,0.19574702,39.02407624592408,0.15029667854236634,synthetic,train
call_bc2c7c34acea,93.20989,0.19169626,22.155911995500052,0.06022142276015285,human,val
call_bc7120020303,81.02629,0.21738288,50.924800172027155,0.08889820056912148,human,train
call_bd2262567810,89.28624,0.24245852,61.28250784282666,0.11157373489579774,human,train
call_bd98a8224da0,112.52789,0.21217102,35.04391696615438,0.08514821126308753,human,val
call_bda847d77eef,105.68301,0.21824156,46.5742007436158,0.1135819958685986,human,train
call_bdfa814252df,61.600285,0.24486408,33.55545101399243,0.09846603496008591,synthetic,train
call_be72006df132,124.47548,0.2561665,42.417972545143094,0.1511794101803176,human,val
call_bf0384ed27ed,97.64458,0.21671201,43.08179478078026,0.13772752115837564,human,val
call_bf4ed1a05c84,103.57699,0.20056231,65.8209393418398,0.1861201013369827,human,train
call_c04725672945,91.52001,0.21667272,36.448022151838,0.09620720665103712,synthetic,val
call_c1cbe639d50f,114.19584,0.17314306,11.901080583255219,0.040492451650862175,synthetic,train
call_c1d95df7a179,82.90352,0.17981865,36.80541830373979,0.10422537120518299,synthetic,train
call_c21f9cf2390e,84.363976,0.18841116,27.540352839537064,0.0758834904737483,synthetic,val
call_c337629bcbbb,116.485306,0.24446627,61.94397336889184,0.15948342468472632,human,train
call_c3417b995627,89.45094,0.17965187,8.953782681578277,0.037793523569815204,synthetic,train
call_c3a3ab5fa472,87.704414,0.18898645,16.91251651013269,0.035501454145266696,synthetic,train
call_c3e9e24958f7,56.139523,0.20754334,24.215152700873617,0.06603192371116995,synthetic,train
call_c49b6face6c3,83.75397,0.20405659,29.03450836749023,0.06523596716400783,synthetic,val
call_c4fc8a865292,147.3367,0.25390196,51.93445060636863,0.19469359194693123,human,val
call_c509bc8280ae,122.80769,0.242566,48.241859723072594,0.1626249400948464,human,train
call_c5b04c36bb62,50.86471,0.21025825,43.57700667218123,0.10579047448460942,synthetic,train
call_c647ee088162,124.00569,0.26772612,41.042182576327356,0.12336847291347354,human,train
call_c67ce09b3316,128.97987,0.24665353,47.59322072681111,0.08736182734492864,synthetic,train
call_c6daaae3eb0f,128.4988,0.2750931,51.58487769536297,0.14651597080713066,human,train
call_c6e878157063,100.434296,0.21817984,53.323115626917925,0.10117085358780278,human,train
call_c87e905eb0d7,66.150024,0.19154038,46.923370923620546,0.13642647318475623,synthetic,train
call_ca184bb77a63,153.02306,0.2525062,47.27867359875628,0.15196585671808252,human,val
call_ca5206a4f854,101.3737,0.27527213,46.83595213576034,0.19043051775529715,synthetic,train
call_cbad95f3aabc,72.29441,0.1701555,38.17524806192849,0.09974465542171031,synthetic,train
call_cbb902adb22a,136.30087,0.25818005,61.96210115598961,0.19794832449337602,human,train
call_ce3072c8e106,53.344,0.17029509,5.271145032938747,0.03114278147984059,synthetic,train
call_ce6146a1c53e,62.267445,0.19415371,31.20715485897305,0.08701366406622643,synthetic,train
call_cea74e96e420,47.535736,0.16642624,47.70316797805394,0.14686366743970639,synthetic,train
call_cf313f91b995,88.65832,0.2692053,62.7163412497092,0.1623087801900765,human,val
call_d0442c9e97b7,49.608807,0.19176246,39.39820997673255,0.12032061793526423,synthetic,train
call_d13864e1e455,68.79952,0.15893699,8.208362319485333,0.035234947337120306,synthetic,train
call_d13e6463c6fb,107.60096,0.2315019,46.115207249726936,0.09388504484806634,human,train
call_d147a02786d2,72.825935,0.24802956,41.96654521603842,0.16986025569494778,synthetic,train
call_d17b2416d506,99.53652,0.20124032,57.11133055223983,0.18358612136261324,synthetic,train
call_d38f7d5159e7,127.38609,0.24344648,44.18328170115306,0.140204549938661,human,train
call_d3e854cbb77d,139.7404,0.25338146,59.72460521821716,0.22102927392107202,human,train
call_d437831f4543,101.299324,0.18775538,50.62623134807842,0.15769757465374531,synthetic,train
call_d4518fcb700a,93.517944,0.18931744,27.107509215589,0.08258041551675879,synthetic,val
call_d557fa43925b,138.46269,0.27459738,49.067516304934664,0.17237741891926928,human,train
call_d5d00276dd35,130.97989,0.21752809,67.09290133365394,0.19227951697950546,human,train
call_d60330be1b1f,111.00509,0.26231036,44.74733496314453,0.14126572778230406,human,val
call_d72a7cb67eb0,109.32713,0.2467893,58.77201861398811,0.1182955233786378,human,train
call_d80d9f6f7884,91.132935,0.23317926,37.66896264627434,0.118777875444571,human,train
call_d88d3c23953c,77.9336,0.18596585,20.144458203461745,0.06871216939326048,synthetic,val
call_d88d8e15e430,70.63986,0.21072696,30.645234177390186,0.08005350129451988,synthetic,train
call_d89caa393417,77.74254,0.21418515,33.88476505609887,0.09464011598453753,synthetic,train
call_d9b9c625f406,100.245995,0.24137455,32.686286557552386,0.09857213669779168,synthetic,train
call_db5326bcb672,83.01577,0.22484621,43.52566479919774,0.14417930932421433,human,train
call_dc1a55102190,122.26825,0.27549744,57.54579312238044,0.13613448926223515,human,val
call_dcdbcc7d70e4,99.79812,0.21138798,24.311462284262365,0.050407805552170185,synthetic,train
call_ddeabfdb99d4,144.21571,0.25837383,48.768626363148876,0.16864868418468318,human,train
call_ddf2da1910f1,161.3014,0.19862555,33.1716317599093,0.0719249642950888,human,train
call_df3e278ab7fe,84.85701,0.18074952,46.6033691116789,0.1300432791009108,synthetic,train
call_df75973c8794,112.584946,0.19516334,39.216944976709215,0.07759068376664686,synthetic,train
call_e0a8703be347,81.52844,0.22098109,28.781988382914292,0.08221660900548873,synthetic,train
call_e0c1f661d9ca,90.29132,0.23003176,46.26703767121233,0.1661424731623622,human,train
call_e106a61086bb,67.41755,0.21438462,24.536706967924935,0.06724829565424148,synthetic,train
call_e118b75d4937,144.20222,0.26366207,45.14780154237224,0.13782694226784098,human,train
call_e2200941723b,69.2489,0.1615347,36.9468984351548,0.08959143359548391,synthetic,train
call_e2d538297f0c,91.68004,0.22540635,37.621769218604456,0.10687356608183898,human,val
call_e3064936e37a,65.69376,0.16030066,16.5820425315558,0.03976905595770799,synthetic,train
call_e3084824935d,85.02874,0.23683746,34.88053649955262,0.09999533116139254,synthetic,train
call_e31bf946a8fa,99.89344,0.23277901,37.57870351355067,0.08122442077780555,human,train
call_e329faf2b6a1,94.20449,0.21846616,38.52853331249257,0.11223523661992443,synthetic,val
call_e3f555297277,91.26065,0.2167729,29.127414420824415,0.07758007282378152,synthetic,val
call_e4d9c2e0947a,99.33439,0.2404643,36.88090785073193,0.07661440164336207,human,train
call_e58669998b76,94.253815,0.2518682,45.83493103106714,0.13802925865495447,human,val
call_e618b7b1fa5b,149.56352,0.2839021,47.58262942965538,0.1346062479642043,human,train
call_e697765a4dfd,97.63871,0.2198597,37.62684552138306,0.1126259380014179,synthetic,train
call_e69e8ba551e4,123.27796,0.2617528,46.56019216734218,0.12743788094471217,human,train
call_e6c59d28e6d7,75.459236,0.28362966,44.59608223357158,0.17677085172679044,synthetic,train
call_e9bd33cdb226,90.59077,0.19223836,39.36558247335119,0.06660252039048087,human,val
call_eb1c9a5a2c08,142.70074,0.27222922,44.89911134278867,0.15887666705263573,human,train
call_ec545493459e,60.110542,0.18189883,24.235181301468693,0.056526540941197106,synthetic,train
call_ec58505fc522,116.361084,0.23410502,44.36328726172474,0.12169287918481432,human,train
call_ed020e30c242,43.99183,0.1585098,46.69761765206763,0.17786996179988027,synthetic,train
call_ed041799aed9,80.42135,0.2421153,78.97489188308114,0.20243650915080635,human,train
call_ed99e3ea3f0e,80.99121,0.19087543,46.08550432027472,0.15144579169192163,synthetic,train
call_ee227bc9d7ac,141.16484,0.2547892,55.289401616044366,0.16765312522496542,human,train
call_eed2c7389776,95.11504,0.17528746,23.11530295225,0.07862014397336858,synthetic,val
call_f003741555a1,114.79699,0.25530967,82.06196783346218,0.16757627982171083,human,train
call_f0ad1cf1aa6a,67.5188,0.22008553,27.222709395738693,0.06548176418866299,synthetic,train
call_f1372119b403,45.15984,0.14590102,58.92430147444221,0.2520899986854771,synthetic,train
call_f1b82a4a46f6,92.79715,0.22834212,43.23995067080439,0.13062992414866292,human,val
call_f202d4ff9f96,130.61885,0.2520248,52.83877924316428,0.18265871892137298,human,train
call_f23bfe7d0e9e,116.58721,0.20980826,40.52077040427956,0.07593227637732446,synthetic,train
call_f27db4ab1f5a,126.72302,0.2750354,54.29989187787752,0.1387538355786281,synthetic,train
call_f2ab1c408b36,71.58201,0.16851556,11.987691824866781,0.03586150468757282,synthetic,train
call_f331303c4fb8,120.377045,0.26653308,53.28261458475632,0.1666463593248439,human,train
call_f5251fb3b1d9,57.49214,0.19397357,13.66444748228026,0.047438175219830646,synthetic,train
call_f68d3459fdc7,80.93847,0.20086421,14.339303158491738,0.03340376480801926,synthetic,train
call_f6ce5de7ac09,100.59597,0.17891599,17.769595555872097,0.0699511246093398,synthetic,val
call_f9fbabf70f7e,61.212368,0.18738905,28.05857149715058,0.07184187400806474,synthetic,val
call_fa26d1186721,89.37294,0.18669754,31.799386693261262,0.07759445255031036,human,val
call_fa4d7f2897f4,104.69113,0.22197822,55.52541342183304,0.10217097818659517,human,train
call_fa9e18dd83dd,77.21174,0.22026926,33.7653863796735,0.09635052655828301,synthetic,val
call_fb1405943fed,163.6422,0.26949295,65.27382675430313,0.1692483597200271,human,val
call_fc8bda4b3374,73.71985,0.20128833,28.167983451520794,0.06792499399147162,synthetic,val
call_fce92bad5095,115.01438,0.2728272,47.892053544281275,0.14119459581587748,human,train
call_fdc3a7dac09f,89.35924,0.20689885,32.30672830987845,0.0776349224145772,synthetic,train
call_fdc44f969ade,83.734436,0.19371484,31.723124576971333,0.06744817458425531,synthetic,train
call_fe828697f60d,78.92113,0.21183173,24.884708434347974,0.05454348895375582,synthetic,train
call_fe8e4fc3ef69,53.086266,0.19453794,51.247127789645674,0.1771086421085885,synthetic,train
call_feaca5a8cd14,90.53995,0.21548055,30.0071808431429,0.0786356629041577,synthetic,train
call_ff4042587962,83.26134,0.22873147,22.66696079492836,0.060818883060205324,synthetic,train
call_fff8cae57de7,104.53486,0.20651658,48.45570633486346,0.08485203170307039,human,train
