anon_id,numero_turnos_caller,duracion_promedio_caller,pausa_promedio_caller,desviacion_estandar_latencia,interrupciones_agente,duracion_total_interrupciones,duracion_promedio_interrupcion,label,split,tasa_interrupciones,duracion_interrupciones_por_turno,ratio_habla_pausa
call_0181ce113ebe,10,5.184000000000002,9.133333333333331,0.5515795500197587,3,0.6899999999999977,0.22999999999999923,synthetic,train,0.2999997000003,0.06899993100006878,0.5675906194263295
call_018c9d3823ac,9,5.236666666666668,6.082499999999997,1.204564236560261,5,4.770000000000024,0.9540000000000048,synthetic,train,0.5555549382722909,0.5299994111117682,0.860938439339462
call_01bf49059daf,10,7.605000000000004,14.196666666666664,1.127390792937396,24,7.620000000000042,0.3175000000000017,synthetic,train,2.3999976000024,0.7619992380007662,0.535688751569323
call_01c3806808d6,10,2.8050000000000037,9.719999999999995,0.8790961267119757,1,0.09000000000000341,0.09000000000000341,synthetic,train,0.0999999000001,0.008999991000009342,0.2885799500206281
call_0294f969f98b,15,1.4460000000000022,5.350714285714283,0.6993895297226813,6,4.710000000000007,0.7850000000000011,synthetic,val,0.39999973333351113,0.3139997906668067,0.2702437880906382
call_02c249d2f89d,16,2.0774999999999997,6.758,0.7171166223146679,8,3.930000000000014,0.49125000000000174,synthetic,train,0.4999996875001953,0.24562484648447183,0.30741298104027664
call_02d28871d7b3,11,3.6927272727272706,9.294000000000002,1.3249987993133483,2,0.6300000000000026,0.3150000000000013,synthetic,train,0.1818180165290759,0.057272675206659136,0.39732335910196676
call_03680846967f,10,7.758,9.610000000000001,2.1716905856958513,31,14.640000000000008,0.4722580645161293,synthetic,train,3.0999969000031,1.463998536001465,0.8072832390392933
call_04d682ac0cef,132,0.7245454545454548,0.6611450381679387,2.5699700846613016,118,50.52000000000005,0.42813559322033945,human,train,0.8939393262167177,0.38272724373278494,1.0958782928633064
call_05d6615469e1,27,2.6255555555555534,3.335769230769233,1.2816045631981225,58,24.47999999999993,0.42206896551724016,synthetic,train,2.1481473525380177,0.9066663308643192,0.7870891248849519
call_0615c3630150,51,1.5258823529411762,1.3379999999999999,2.5516399607628246,51,36.479999999999954,0.715294117647058,human,train,0.999999803921607,0.7152939773933368,1.14041177042113
call_064d8dd77899,72,1.8054166666666664,0.11535211267605686,3.057451003669402,81,70.28999999999999,0.8677777777777776,synthetic,train,1.1249998437500217,0.9762498644097409,15.649996561144608
call_06b5a78ea12e,12,4.582500000000001,6.204545454545452,0.5067207407348845,9,6.780000000000012,0.7533333333333346,synthetic,train,0.7499993750005208,0.56499952916706,0.7385702382018144
call_0847d7417bb1,10,3.141000000000001,7.996666666666666,1.0559592795179191,1,0.2699999999999996,0.2699999999999996,synthetic,val,0.0999999000001,0.026999973000026958,0.3927881707526003
call_092aef8d1243,42,1.7557142857142853,1.4078048780487806,2.4202029476249125,53,36.35999999999994,0.6860377358490555,human,train,1.2619044614513186,0.8657140795918844,1.2471201385140143
call_098d8081babe,11,3.4963636363636366,9.651,0.7191358450504043,5,1.8900000000000006,0.3780000000000001,synthetic,train,0.45454504132268975,0.17181802561997678,0.3622795579285108
call_099dffdf8486,12,2.749999999999998,4.6663636363636405,0.9277943051815264,15,5.639999999999983,0.37599999999999884,synthetic,train,1.2499989583342015,0.4699996083336583,0.5893227191603515
call_0a9c546208d1,12,2.032500000000001,6.804545454545454,2.1010451944427353,3,0.9899999999999984,0.32999999999999946,human,train,0.24999979166684028,0.08249993125005717,0.2986969558227772
call_0ab7d2a0c0f5,25,2.6099999999999994,2.602500000000001,3.0205761759609056,28,19.980000000000004,0.7135714285714287,human,train,1.1199995520001793,0.799199680320128,1.0028779908626666
call_0cf2f4a71328,11,5.378181818181819,8.784,1.7936433211863398,11,5.460000000000001,0.49636363636363645,synthetic,val,0.9999990909099173,0.49636318512437727,0.6122695463896123
call_0e101713ee94,13,6.173076923076921,7.7575,3.1059168100207115,5,4.649999999999999,0.9299999999999997,synthetic,train,0.38461508875762407,0.35769203254459025,0.7957549423818882
call_0e1e2f29bfdc,23,2.0413043478260895,3.552272727272724,1.3284663552920157,23,13.320000000000034,0.5791304347826102,human,val,0.9999995652175804,0.5791301829868785,0.5746457994894193
call_10aa0d1d33f0,56,0.8410714285714274,1.5796363636363646,2.028061084140784,49,19.769999999999964,0.4034693877551013,human,val,0.8749998437500278,0.35303565124363306,0.5324428605876513
call_10ceaf16fbbf,8,4.994999999999999,11.254285714285716,0.39896294135098526,1,0.45000000000000284,0.45000000000000284,synthetic,train,0.12499984375019532,0.05624992968758825,0.4438305271879041
call_11d3230256a1,50,0.9059999999999997,1.5569387755102044,3.1765414251244897,30,12.209999999999967,0.4069999999999989,human,train,0.5999998800000239,0.2441999511600091,0.5819073910784945
call_120d6007bcc1,16,3.5737500000000004,4.294,4.915296150792951,6,4.380000000000027,0.7300000000000045,synthetic,val,0.3749997656251465,0.2737498289063586,0.8322640142896736
call_1612f093f8b5,77,1.1828571428571426,0.5214473684210529,2.3139553286867685,72,46.91999999999998,0.6516666666666664,human,train,0.9350648136279462,0.6093505702142114,2.268367875285329
call_16581bcbc272,33,1.3745454545454545,1.7690625000000002,2.2419520584209796,22,10.22999999999998,0.46499999999999914,human,train,0.6666664646465258,0.30999990606063393,0.7769865025573878
call_1761edbd6952,78,1.2407692307692304,0.8614285714285718,4.288789947121019,68,42.29999999999997,0.6220588235294113,human,train,0.8717947600263127,0.5423076227810736,1.4403455706790484
call_181a5049ecae,11,3.2181818181818187,9.576,0.8679097146174091,7,3.510000000000012,0.5014285714285732,synthetic,val,0.6363630578517656,0.3190906190085293,0.3360670903833453
call_185e958a253b,62,0.8922580645161292,1.2260655737704917,3.027997877730594,42,19.260000000000037,0.45857142857142946,human,val,0.677419245577541,0.31064511118627297,0.7277349647968359
call_186e9d6ee732,51,2.146470588235294,0.11640000000000005,2.6930257146934196,81,62.249999999999986,0.7685185185185184,synthetic,train,1.588234982699023,1.2205879959631376,18.438884874454885
call_189410107163,102,1.1850000000000005,0.7006930693069301,7.040317779202094,77,41.94000000000009,0.5446753246753259,synthetic,train,0.7549018867743248,0.41117643027682144,1.6911585690242397
call_18bd3c505fd5,13,3.0323076923076924,7.614999999999999,1.504351380802728,5,3.390000000000015,0.6780000000000029,synthetic,train,0.38461508875762407,0.2607690301776702,0.3982014064732276
call_198ef413fe4a,22,2.2800000000000002,3.4642857142857144,2.177078317378592,17,10.19999999999998,0.5999999999999988,human,val,0.772726921487763,0.46363615289265686,0.6581424301043255
call_1a2f3635b411,9,4.130000000000002,11.302499999999998,0.9495656901973675,0,0.0,0.0,synthetic,train,0.0,0.0,0.3654055603578322
call_1ad99899456c,16,4.689374999999997,4.778000000000003,1.1632223562156996,27,13.620000000000003,0.5044444444444446,synthetic,train,1.6874989453131592,0.8512494679690827,0.9814493900180189
call_1ba56b3cce45,10,5.837999999999998,10.426666666666668,0.7959208503362633,2,0.9000000000000057,0.45000000000000284,synthetic,train,0.1999998000002,0.08999991000009057,0.5599099489354707
call_1bf0aa4d4324,20,2.422500000000001,5.242105263157893,2.48408809912421,8,2.5200000000000244,0.31500000000000306,human,train,0.3999998000001,0.12599993700003273,0.4621226124167036
call_1c1c0cce9fb5,88,1.1106818181818177,0.5362068965517247,2.135879603963327,86,52.19999999999998,0.6069767441860463,human,val,0.9772726162190208,0.5931817507748008,2.071329391752352
call_1cc930924760,62,1.2391935483870962,0.5709836065573777,2.2591979227675667,75,56.099999999999966,0.7479999999999996,synthetic,train,1.2096772242456089,0.9048385637357149,2.1702406719725205
call_1ee2936b46a7,10,3.368999999999997,6.923333333333336,0.3285726708051084,4,3.6899999999999906,0.9224999999999977,synthetic,train,0.3999996000004,0.3689996310003681,0.4866146076823186
call_224586045e67,34,2.0629411764705874,1.9890909090909095,4.032559695842676,25,14.639999999999961,0.5855999999999985,human,train,0.7352939013841466,0.4305881086505551,1.0371224340817509
call_22d0f235a47e,97,0.9432989690721643,1.1759375000000007,3.4225852785287616,78,39.35999999999985,0.5046153846153827,human,train,0.804123628440863,0.40577315404400316,0.8021607844501252
call_22eacbc23d18,40,1.7970000000000002,2.246153846153846,3.334545262140426,29,18.060000000000013,0.6227586206896556,human,train,0.7249998187500453,0.45149988712502853,0.8000306847948965
call_23991b635849,51,1.3747058823529414,2.6166,2.8810131508742196,38,16.019999999999992,0.42157894736842083,human,train,0.7450978931180601,0.3141175854671399,0.5253766829420286
call_24e1989c4d6d,95,1.1207368421052641,0.48223404255319036,6.228164145446101,61,45.510000000000026,0.7460655737704922,synthetic,train,0.6421051955678742,0.47905258115236016,2.3240034986676887
call_253156878935,11,2.3481818181818213,7.634999999999996,1.260097398832907,6,3.6000000000000085,0.6000000000000014,synthetic,train,0.5454540495872277,0.3272724297523374,0.3075545176996261
call_26be2ced1f65,11,4.647272727272732,12.149999999999997,1.0569277949019782,3,2.069999999999993,0.6899999999999977,synthetic,train,0.2727270247936138,0.18818164710759291,0.38249126768395525
call_2741c273bfcc,26,2.603076923076924,4.367999999999999,1.9931746999737372,45,18.36,0.408,synthetic,train,1.7307685650890134,0.7061535745563174,0.5959411546852971
call_290aacdf95ca,10,2.348999999999999,10.520000000000001,1.7827506836347036,1,0.5399999999999991,0.5399999999999991,synthetic,train,0.0999999000001,0.053999946000053915,0.2232887611323562
call_29a23dea3118,105,1.3551428571428579,0.18576923076923002,2.665746122541149,103,71.73000000000016,0.6964077669902928,synthetic,train,0.9809522875283535,0.6831427920816403,7.294372204749733
call_29e423c5b8aa,72,1.2900000000000005,0.9261971830985912,1.8519181762910097,79,43.46999999999996,0.5502531645569616,human,train,1.097222069830268,0.6037499161458444,1.3927769332174191
call_29f2b21b3d8a,9,5.780000000000001,9.69375,6.06755304879982,2,1.3800000000000026,0.6900000000000013,synthetic,train,0.22222197530891633,0.15333316296315255,0.5962598620143269
call_29fddbedd6a4,26,3.2434615384615353,3.8196000000000043,3.995969969857131,27,17.51999999999992,0.648888888888886,human,train,1.038461139053408,0.6738458946746528,0.8491603955538737
call_2a34be1bd407,82,0.9819512195121946,0.9796296296296303,2.638983981705118,66,35.00999999999997,0.530454545454545,human,train,0.8048779506246402,0.4269511674449792,1.0023596328819795
call_2cd6a0b37e59,6,3.305000000000001,17.796,0.26994443872767604,2,1.6500000000000012,0.8250000000000006,synthetic,train,0.33333277777870374,0.2749995416674308,0.18571578685334528
call_2d2c74bdeb7b,121,0.9709090909090902,0.25950000000000073,4.07074949596336,114,60.41999999999988,0.5299999999999989,human,train,0.942148682467051,0.49933880170753603,3.7413166772343547
call_2d4374d86df7,101,1.152772277227722,0.5361000000000008,5.996822964887909,102,62.31000000000003,0.6108823529411768,synthetic,val,1.0099008901088227,0.6169306319870664,2.1502532637475897
call_30c4f6565eec,10,4.059000000000003,7.586666666666663,1.631505439770275,3,2.729999999999997,0.9099999999999989,synthetic,train,0.2999997000003,0.2729997270002727,0.5350168694856735
call_312805f2b67f,16,1.9124999999999992,6.0440000000000005,2.8202280492896317,4,1.8900000000000041,0.47250000000000103,synthetic,train,0.24999984375009765,0.1181249261719214,0.31642899333389574
call_3332ecee2806,75,1.1308000000000007,0.7354054054054044,2.813672146088461,74,41.76000000000005,0.564324324324325,human,train,0.9866665351111286,0.5567999257600105,1.53763436513359
call_349b9fddaff0,24,3.0687499999999996,3.138260869565218,2.5356789207099566,26,23.519999999999985,0.904615384615384,human,train,1.0833328819446326,0.9799995916668363,0.9778473967179099
call_34f4c668dbe8,113,1.2074336283185843,0.7703571428571426,2.7003045146324647,109,69.54000000000002,0.6379816513761469,human,train,0.9646016845485235,0.6153981756284802,1.5673482955678077
call_35966c559fcc,41,1.303170731707318,1.145999999999999,4.828955176553826,35,21.93000000000004,0.6265714285714297,human,train,0.8536583283760174,0.5348779183224599,1.1371373126825413
call_36640e327eaf,43,1.8432558139534891,1.8714285714285706,2.2960857466779325,43,32.85000000000006,0.7639534883720944,human,train,0.9999997674419144,0.7639533107085337,0.9849405917429777
call_36d72e4b1aef,12,3.4875000000000003,8.138181818181819,1.8336401947046095,2,1.3200000000000003,0.6600000000000001,synthetic,val,0.16666652777789354,0.10999990833340975,0.428534996214817
call_373750027ccd,13,3.95769230769231,7.337499999999999,1.1047484920873316,5,3.629999999999992,0.7259999999999984,synthetic,train,0.38461508875762407,0.2792305544380344,0.539378114332016
call_374f870c8124,75,1.0323999999999998,0.4617567567567571,3.1942728140863004,83,40.58999999999993,0.48903614457831246,synthetic,train,1.1066665191111307,0.5411999278400087,2.235760770764693
call_37e63dcc8185,10,4.512000000000002,6.646666666666665,1.210888103831231,7,5.7600000000000335,0.8228571428571476,synthetic,train,0.6999993000007,0.5759994240005794,0.6788354882114025
call_387c5493a07f,9,4.836666666666667,13.653749999999999,1.3220816918783787,1,1.0799999999999983,1.0799999999999983,synthetic,train,0.11111098765445816,0.11999986666681463,0.35423697696946976
call_39880aff21ed,148,0.9012162162162174,0.3712244897959174,4.838551439050949,138,55.800000000000175,0.4043478260869578,synthetic,train,0.9324323694302453,0.3770270015522308,2.4276198494155334
call_3adbf4ac0f30,41,2.008536585365853,1.9020000000000006,4.19144782599626,24,11.519999999999975,0.4799999999999989,human,train,0.585365710886412,0.28097554122547713,1.0560073739706166
call_3b1bf9fab29d,15,3.5700000000000007,4.755,1.2095308326639875,15,16.980000000000015,1.132000000000001,human,train,0.9999993333337778,1.1319992453338374,0.7507870645908212
call_3b9afdd4a2df,70,1.1794285714285715,1.0556521739130436,1.8746140267694076,67,43.68000000000003,0.6519402985074632,human,val,0.9571427204081827,0.623999910857156,1.117240534494819
call_3ca96b2dd5c4,97,1.3199999999999996,0.8450000000000003,3.988749655692805,97,62.93999999999997,0.648865979381443,human,train,0.9999998969072271,0.6488659124880499,1.5621116909859045
call_3cd08cbaf55c,14,3.2035714285714287,6.489230769230771,3.429328659511225,4,3.0299999999999923,0.7574999999999981,synthetic,train,0.2857140816327988,0.21642841683684458,0.49367430528412615
call_3d69be34ef44,32,2.251874999999999,2.1096774193548393,3.861471754772164,32,21.389999999999958,0.6684374999999987,human,train,0.9999996875000976,0.6684372911133452,1.0673974634065182
call_3f3ac4984431,26,3.076153846153846,3.6060000000000008,4.995739723465923,17,7.379999999999998,0.43411764705882344,human,train,0.6538459023669606,0.2838460446745981,0.8530630381373998
call_415d987a1504,16,1.4943749999999993,4.386,1.552211325818752,2,0.45000000000000284,0.22500000000000142,synthetic,train,0.12499992187504883,0.028124982421886165,0.340713997460106
call_41fc5fd779c9,8,1.8900000000000006,5.082857142857143,0.34355286555139003,5,3.509999999999991,0.7019999999999982,synthetic,train,0.6249992187509766,0.43874945156318446,0.371837379746583
call_450b4e13468b,11,4.516363636363638,8.036999999999997,1.02854707763383,7,4.79999999999999,0.6857142857142843,synthetic,train,0.6363630578517656,0.43636323966978124,0.5619457530056128
call_4789ebd9b148,80,1.500749999999999,0.15189873417721608,3.1879424430889447,85,57.96000000000002,0.6818823529411767,synthetic,train,1.0624998671875165,0.7244999094375115,9.87928711359829
call_47bef2f628eb,84,1.0703571428571421,0.6686746987951814,2.6188480822258047,85,40.1099999999999,0.4718823529411753,human,val,1.0119046414399235,0.47749994315476746,1.60069034746224
call_486215b37ca1,80,1.1505000000000005,0.5999999999999995,2.892644077697731,66,44.31000000000002,0.6713636363636366,human,train,0.8249998968750129,0.5538749307656339,1.9174680421992991
call_488e7b893457,28,2.5553571428571447,3.0211111111111086,2.679873877629319,28,20.01000000000004,0.7146428571428586,human,train,0.9999996428572704,0.7146426019133579,0.8458307525173444
call_4ac92327c83b,31,2.2858064516129026,2.664000000000001,3.3797144849824217,34,16.85999999999995,0.495882352941175,human,train,1.0967738397503743,0.5438707922997428,0.8580322339679287
call_4affad158a4c,80,1.9117500000000003,0.12037974683544252,3.3987695809027874,96,77.94000000000003,0.8118750000000002,synthetic,val,1.1999998500000186,0.9742498782187655,15.879674559106098
call_4b1bec58d02d,126,1.1061904761904766,0.5534399999999994,3.229394117393204,157,78.93000000000005,0.502738853503185,synthetic,train,1.2460316471403454,0.6264285217120225,1.9987179983566319
call_4baef170cf46,38,1.7826315789473675,2.222432432432433,2.4363655364142356,29,20.699999999999992,0.7137931034482756,human,train,0.76315769390587,0.5447366987535001,0.8021047262836417
call_4c278007298d,21,2.9357142857142855,3.433500000000001,2.7969336593378196,15,11.58000000000002,0.7720000000000014,human,train,0.7142853741498219,0.5514283088436635,0.8550184172215268
call_4c8c40f7c2fd,47,1.697234042553191,1.495434782608696,2.2647697053302833,35,28.589999999999996,0.8168571428571427,human,train,0.7446806926211291,0.6082977429153738,1.1349359483487502
call_4cd5b14fbe3c,14,3.394285714285714,6.392307692307692,2.49579525523308,10,7.079999999999988,0.7079999999999987,synthetic,train,0.7142852040819971,0.505713924490053,0.5309945277548217
call_4d8129939686,10,3.0930000000000013,9.249999999999998,1.3536764753810289,5,2.309999999999995,0.461999999999999,synthetic,train,0.49999950000050003,0.23099976900023053,0.3343780168886306
call_4e60206f7e8a,26,1.8415384615384613,1.7316000000000003,2.4979241381595223,17,9.30000000000001,0.5470588235294124,human,train,0.6538459023669606,0.3576921701183965,1.0634833834053055
call_4e9cec0da4ea,11,3.493636363636364,8.643,1.224653568825227,3,2.1000000000000014,0.7000000000000005,synthetic,train,0.2727270247936138,0.1909089173555298,0.4042152402503716
call_4f0dad5104b3,62,1.3993548387096764,1.043114754098362,3.1027855078390996,64,37.0199999999999,0.5784374999999984,human,train,1.0322578980229196,0.5970966778876309,1.341502857842949
call_51851f91f064,51,1.1294117647058823,1.4604000000000001,2.230535364033505,44,16.860000000000003,0.38318181818181823,human,train,0.8627449288735433,0.3305881704729078,0.7733525275134258
call_5273f6be303c,48,1.2118750000000016,2.2289361702127644,3.4182314903673703,32,14.550000000000033,0.454687500000001,human,train,0.6666665277778067,0.3031249368489721,0.5436986393818214
call_52ba7c3bd761,86,1.5331395348837198,0.1312941176470599,3.7409759753102576,84,64.22999999999995,0.7646428571428565,synthetic,train,0.9767440724716194,0.7468603782720484,11.676248714489946
call_52bfee0220ab,24,2.3437499999999996,4.150434782608696,2.469905824643662,19,8.78999999999996,0.46263157894736634,synthetic,train,0.791666336805693,0.3662498473958953,0.5646985137161307
call_54a09817b7e2,11,2.5472727272727282,8.537999999999998,0.439904948410863,3,2.759999999999998,0.9199999999999994,synthetic,train,0.2727270247936138,0.25090886281012453,0.2983450156737611
call_565b6523733e,40,1.2675000000000005,1.8569230769230767,3.4177219133398022,33,14.549999999999978,0.44090909090909025,human,train,0.8249997937500515,0.36374990906252214,0.6825771029402082
call_568b5e814bc3,44,1.5681818181818192,1.779767441860464,3.0481762411665994,31,16.590000000000057,0.5351612903225825,human,train,0.7045452944215239,0.3770453688533265,0.881111189128537
call_569ffb0869eb,48,1.714375000000001,1.0480851063829777,4.942696824244051,52,37.77000000000004,0.7263461538461546,human,val,1.0833331076389359,0.7868748360677432,1.6357055667556588
call_56f58de34ea0,81,1.79888888888889,0.14062499999999895,3.3055058571297358,78,77.94000000000007,0.9992307692307701,synthetic,train,0.9629628440786612,0.9622221034293708,12.791189169757908
call_578504f9f39e,8,5.002499999999999,13.795714285714286,0.927820025651524,1,0.7800000000000011,0.7800000000000011,synthetic,train,0.12499984375019532,0.09749987812515248,0.36261234976841156
call_57f113803718,47,1.982553191489363,1.7263043478260853,3.001932493520163,49,47.04,0.96,human,train,1.0425529696695808,1.0008508508827976,1.1484311614428475
call_5823cd70919d,10,3.4439999999999977,10.86666666666667,0.9794692440296427,6,2.369999999999976,0.394999999999996,synthetic,train,0.5999994000006,0.23699976300023462,0.3169322236820024
call_58a0f7394bc3,12,4.12,8.031818181818181,1.3274377232438856,3,1.8300000000000018,0.6100000000000007,synthetic,train,0.24999979166684028,0.15249987291677272,0.5129591802432392
call_58ed2170e352,30,1.4960000000000002,2.9379310344827587,1.2228377921907096,23,10.590000000000012,0.4604347826086962,human,val,0.7666664111111963,0.352999882333373,0.5092001447412914
call_5a6307557d57,36,1.9908333333333321,1.9945714285714295,3.375732006178824,32,19.829999999999984,0.6196874999999995,human,train,0.8888886419753772,0.5508331803241161,0.9981208612572002
call_5a7a7e3c9588,105,1.154571428571428,0.20451923076923145,3.5414624014090657,102,55.22999999999989,0.541470588235293,synthetic,train,0.9714284789115734,0.5259999499047656,5.645019170262859
call_5c9d19646f57,31,1.2251612903225806,0.777,1.0201242317854542,33,18.780000000000012,0.5690909090909094,human,train,1.064515785640069,0.6058062561915306,1.5767638644580901
call_5d86f0ca06aa,63,1.895714285714286,0.11854838709677414,2.794449080529115,69,63.95999999999996,0.9269565217391298,synthetic,train,1.0952379213908061,1.0152379340892161,15.989710488950019
call_5e4539a471f6,57,1.1378947368421048,0.48482142857142907,2.4384997062969007,66,46.229999999999954,0.7004545454545448,synthetic,val,1.1578945337027133,0.8110524892890362,2.3469904585083254
call_5f7a4b3e8ca9,47,1.2644680851063836,1.1171739130434775,2.7443849394084956,41,26.97000000000003,0.6578048780487813,human,train,0.8723402399276085,0.573829665142625,1.1318352066685857
call_6058d9c5c82f,13,2.67,6.912499999999999,0.4650558279141582,3,3.1799999999999997,1.0599999999999998,synthetic,val,0.23076905325457442,0.24461519644984886,0.38625622241414487
call_60ffdefc5f5a,40,1.0327500000000003,4.004615384615385,1.9448405866649117,19,7.8599999999999985,0.4136842105263157,human,train,0.4749998812500297,0.19649995087501224,0.25788929071056876
call_624a4731ab56,31,2.799677419354841,2.8619999999999974,4.987466808038959,22,14.970000000000027,0.6804545454545466,human,train,0.7096771904267127,0.48290307003126864,0.9782206978154666
call_63a156c6b8d9,72,0.7445833333333333,0.9523943661971832,2.416485933249676,55,20.99999999999999,0.3818181818181816,human,train,0.7638887827932246,0.2916666261574129,0.7817932799976022
call_64637c20ee66,72,1.1474999999999997,0.8953521126760565,3.8353339042307186,73,40.14,0.5498630136986301,human,val,1.0138887480710073,0.5574999225694551,1.2816043740898908
call_65a7cdefc22d,52,1.4255769230769235,1.1047058823529408,2.2384202412573444,47,36.539999999999985,0.777446808510638,human,train,0.9038459800296191,0.7026921725591972,1.2904466622137982
call_6756c4a91509,15,3.124000000000002,8.946428571428571,1.523763198700599,6,2.700000000000008,0.45000000000000134,synthetic,train,0.39999973333351113,0.17999988000008055,0.3491892304471678
call_678ee1dd2242,52,1.907884615384612,1.2717647058823562,5.029281459612298,44,35.18999999999986,0.7997727272727242,human,val,0.8461536834319839,0.676730639090259,1.500174996844998
call_68544c09a58b,7,2.0271428571428594,15.834999999999996,1.2247273749113021,1,0.9300000000000068,0.9300000000000068,synthetic,train,0.14285693877580175,0.1328569530614966,0.12801651891238844
call_6971b2685c1d,32,2.05875,0.9541935483870969,4.581434343648427,30,31.76999999999998,1.0589999999999993,human,val,0.9374997070313414,0.9928121897461899,2.1575585245725954
call_6afd8cabf618,78,1.7869230769230764,0.1332467532467538,4.625215418677592,77,68.18999999999996,0.885584415584415,synthetic,train,0.9871793606180307,0.8742306571499151,13.409624903694
call_6b0cc9c966a1,22,3.1772727272727277,3.904285714285714,0.8754606950465738,24,19.91999999999995,0.8299999999999979,human,train,1.0909085950415478,0.9054541338844823,0.8137889544706287
call_6b31fbd81fc3,104,1.0978846153846145,0.4310679611650493,3.2196387762818843,113,71.76000000000002,0.6350442477876108,synthetic,train,1.0865383570636196,0.6899999336538527,2.5468354086518956
call_6b6499e4474f,9,4.553333333333335,10.537499999999998,2.329710282417111,2,1.0799999999999983,0.5399999999999991,synthetic,train,0.22222197530891633,0.11999986666681463,0.43210714232616015
call_6c8d4490f8d7,9,5.183333333333328,9.127500000000005,1.7569931701631616,3,3.6299999999999955,1.2099999999999984,synthetic,val,0.3333329629633745,0.40333288518568267,0.5678803236954356
call_6d88a2e95795,81,1.0814814814814804,0.8190000000000011,2.458487982052126,81,44.63999999999999,0.551111111111111,human,train,0.9999998765432251,0.5511110430727106,1.3204740863743776
call_6dfa70c50ea5,69,1.2104347826086967,0.6427941176470577,3.2161921519153607,75,44.310000000000045,0.5908000000000005,synthetic,train,1.0869563642092226,0.6421738199748093,1.8830538719002203
call_6e83cb807322,54,1.326111111111111,1.7298113207547174,4.258125602546127,40,15.060000000000027,0.37650000000000067,human,train,0.7407406035665548,0.2788888372428084,0.7666173929065295
call_70101b573bb2,27,2.0111111111111093,2.5800000000000023,2.5151301133697808,15,7.050000000000015,0.470000000000001,synthetic,train,0.5555553497943149,0.26111101440332857,0.7794974093554318
call_70de89818ee5,116,1.2522413793103442,0.19460869565217434,2.9487483738829035,125,74.22000000000004,0.5937600000000003,synthetic,train,1.077586114001197,0.6398275310493511,6.434332401180871
call_716d56beca2a,37,2.6497297297297284,3.1250000000000013,2.427648332969878,46,35.910000000000004,0.7806521739130435,human,train,1.2432429072316467,0.9705402782323572,0.847910800198952
call_71fec5a6b017,12,2.2949999999999995,5.127272727272727,1.3162964573515972,6,3.5400000000000134,0.5900000000000022,synthetic,train,0.49999958333368055,0.29499975416687263,0.4476055099892535
call_743448b8a861,15,2.0559999999999996,4.142142857142858,0.9637071280069637,13,12.299999999999997,0.9461538461538459,synthetic,val,0.8666660888892741,0.8199994533336976,0.49636024331032813
call_74b20933dd43,70,1.2064285714285716,0.914347826086956,2.410941381502153,63,34.829999999999956,0.5528571428571422,human,val,0.8999998714285897,0.4975713574898054,1.3194271837662814
call_750153d8eb40,54,1.5072222222222214,1.0624528301886804,4.107779187695234,47,39.15,0.8329787234042553,human,train,0.870370209190702,0.7249998657407656,1.4186117192961536
call_7519d635bbbb,13,2.538461538461539,6.822500000000001,0.4033084332216377,4,2.3099999999999987,0.5774999999999997,synthetic,train,0.30769207100609924,0.17769217100602222,0.3720715013186553
call_7601ac7d4fbf,7,7.731428571428571,8.464999999999998,0.6135261084210567,7,1.9799999999999933,0.2828571428571419,synthetic,train,0.9999985714306123,0.2828567387760865,0.9133395673990431
call_76856257e3ef,13,1.8692307692307695,2.1824999999999997,1.246655525796921,23,12.989999999999998,0.5647826086956521,synthetic,train,1.7692294082850706,0.9992300005923072,0.8564592002926766
call_7744ab92baa3,53,1.7875471698113217,1.5588461538461529,2.100778136377218,60,40.44000000000005,0.6740000000000008,human,train,1.1320752580990079,0.7630187239587322,1.1467043738454772
call_794031bf2233,95,1.166526315789474,0.4519148936170209,3.672771185521123,112,65.85000000000002,0.5879464285714288,synthetic,train,1.1789472443213427,0.6931578217728611,2.581239343672966
call_7a250598cb8b,94,1.3997872340425528,0.20838709677419406,3.3832603106575068,91,62.63999999999999,0.6883516483516483,synthetic,train,0.9680850033952124,0.6663829078316055,6.716922911643408
call_7a345e2b0f37,77,1.535064935064935,0.14210526315789473,3.7165591047294484,76,61.769999999999946,0.8127631578947362,synthetic,train,0.9870128588294989,0.8022076880249749,10.801548693326678
call_7ae75e4aa32f,27,2.646666666666667,6.094615384615385,1.7335290816490705,19,8.999999999999973,0.4736842105263144,synthetic,train,0.7037034430727989,0.33333320987658793,0.4342624032885806
call_7b14e69a57bd,49,1.1963265306122441,0.38750000000000084,1.6972388061841481,58,40.08000000000002,0.691034482758621,synthetic,train,1.18367322782179,0.8179590167430582,3.087214602493462
call_7b1e73c133f8,10,2.613,7.109999999999999,1.5907513947817216,4,2.7300000000000075,0.6825000000000019,synthetic,val,0.3999996000004,0.27299972700027375,0.36751003163146045
call_7d4f3b80384e,8,4.743749999999999,11.815714285714284,0.40501984078384595,1,0.14999999999999858,0.14999999999999858,synthetic,train,0.12499984375019532,0.01874997656252912,0.40147771607495913
call_7d5b26105bb5,7,5.108571428571429,9.245,0.20304819976687893,1,0.18000000000000682,0.18000000000000682,synthetic,train,0.14285693877580175,0.02571424897964529,0.5525760846739408
call_7f82debeb19b,41,1.1948780487804866,1.881000000000001,2.883717152458717,19,8.760000000000014,0.4610526315789481,human,train,0.4634145211184095,0.2136584844735407,0.6352321618601103
call_802282383eb2,8,3.6375,12.334285714285713,0.298469309262156,1,1.0499999999999972,1.0499999999999972,synthetic,train,0.12499984375019532,0.13124983593770473,0.2949094203884709
call_810c24005ecc,79,1.2288607594936711,0.16884615384615378,2.5464849924581854,65,43.52999999999997,0.6696923076923073,synthetic,val,0.8227847059766195,0.5510125884794188,7.2775598135043165
call_810e3066a7b4,12,2.5474999999999994,6.076363636363637,0.9577815275653709,7,4.589999999999993,0.6557142857142847,synthetic,val,0.5833328472226273,0.382499681250265,0.4192467666495461
call_81b12145be34,17,1.9941176470588255,5.495624999999998,0.5452320067425153,11,7.920000000000016,0.7200000000000014,synthetic,train,0.6470584429067983,0.46588207889289573,0.3628548196994208
call_81b98c77cf99,27,2.0344444444444445,3.8723076923076927,2.7630597170528173,13,6.990000000000002,0.5376923076923078,human,train,0.4814813031550729,0.2588887930041508,0.5253815947193179
call_850d796d23a7,13,3.2030769230769227,4.7175,1.6854444745891486,7,3.4799999999999898,0.49714285714285567,synthetic,train,0.5384611242606736,0.26769210177530556,0.678976180882907
call_8570ae0e7d61,16,4.2675,5.944000000000001,2.190786673777253,16,7.709999999999971,0.48187499999999817,synthetic,train,0.9999993750003906,0.4818746988283114,0.7179496669756612
call_8834a90f11cd,15,2.3320000000000007,6.130714285714285,2.2709290348486646,4,1.260000000000003,0.3150000000000007,human,train,0.2666664888890074,0.08399994400003753,0.380379200127135
call_8893de2fe204,8,8.024999999999999,10.251428571428574,7.9179542812521975,3,1.9199999999999875,0.6399999999999958,synthetic,train,0.37499953125058594,0.23999970000037346,0.78281696213507
call_88cd54e1e505,9,3.6933333333333334,7.24875,1.8075121023107976,3,1.8900000000000006,0.6300000000000002,synthetic,train,0.3333329629633745,0.209999766666926,0.5095124315515114
call_88d7858b7921,8,6.5887500000000045,11.391428571428566,0.25628876013478785,2,2.0700000000000074,1.0350000000000037,synthetic,train,0.24999968750039064,0.2587496765629052,0.5783949023370566
call_893d552b156a,29,2.5034482758620684,2.4492857142857147,2.8582223884216713,28,18.870000000000015,0.673928571428572,human,train,0.9655169084424454,0.6506894307967486,1.0221094420165375
call_8a3996f823e4,29,2.239655172413792,2.493214285714287,5.535614296627398,22,12.150000000000016,0.552272727272728,human,train,0.7586204280619213,0.4189653727705617,0.8982967097050197
call_8a570a10920b,15,4.207999999999999,6.010714285714287,0.9994226904997285,14,10.950000000000012,0.782142857142858,synthetic,train,0.9333327111115259,0.7299995133336585,0.7000820200655635
call_8a61615c9927,58,1.4498275862068977,1.5705263157894729,3.533755663725082,39,24.660000000000032,0.6323076923076931,human,train,0.6724136771700556,0.42517234048752806,0.9231417138406648
call_8a9391c1823b,43,1.5976744186046499,1.5257142857142867,1.6592666614075438,38,29.429999999999954,0.7744736842105251,human,train,0.8837207247161105,0.6844184454840813,1.0471580177126687
call_8ade6f74aa33,12,3.457500000000003,8.517272727272724,0.4973018106835041,7,2.4300000000000077,0.34714285714285825,synthetic,train,0.5833328472226273,0.20249983125014126,0.40593932486577344
call_8ae3fce602f3,14,2.361428571428572,6.999230769230769,1.921736422905305,3,1.88999999999999,0.6299999999999967,synthetic,train,0.21428556122459913,0.13499990357149674,0.33738353191243314
call_8c2ebe3761bb,12,3.840000000000001,6.826363636363634,1.5216326459073213,3,1.2000000000000028,0.40000000000000097,synthetic,train,0.24999979166684028,0.09999991666673635,0.5625241459893989
call_8c6b33721067,9,7.486666666666668,8.98125,0.9501973479230506,37,19.04999999999997,0.514864864864864,synthetic,train,4.1111065432149525,2.1166643148174247,0.8335875664067924
call_8cafd2754e55,109,1.4039449541284403,0.1727777777777776,3.3640284860545595,106,74.64000000000001,0.7041509433962265,synthetic,val,0.9724769750021124,0.684770579378846,8.125256150548184
call_8d3ea77f4bb4,14,2.2264285714285714,7.013076923076922,2.5346200703653574,3,2.190000000000012,0.730000000000004,synthetic,train,0.21428556122459913,0.15642845969395822,0.3174676994380883
call_8d6cd93e02b8,17,2.2482352941176473,5.503124999999999,2.59034689932131,8,4.469999999999999,0.5587499999999999,human,train,0.4705879584776715,0.2629410217993989,0.40853718727918686
call_8d75a71e6126,12,4.064999999999999,9.88909090909091,0.5345877766177312,8,5.669999999999993,0.7087499999999991,synthetic,val,0.6666661111115741,0.47249960625032755,0.41105860253312837
call_8da8b9947630,44,1.4720454545454549,2.773255813953488,3.0074043178290846,31,15.690000000000012,0.5061290322580649,human,val,0.7045452944215239,0.35659082804753933,0.5307985434136763
call_8e6c9fa78a21,9,3.7633333333333336,10.44375,0.22248595461287013,4,1.8299999999999983,0.4574999999999996,synthetic,train,0.44444395061783265,0.20333310740765825,0.3603427628874403
call_8ed994ce484f,13,3.842307692307693,8.004999999999999,0.6441900101916893,5,2.5800000000000267,0.5160000000000053,synthetic,train,0.38461508875762407,0.19846138579893607,0.47998786913541563
call_8ee1e10130a2,14,2.905714285714286,5.891538461538461,1.7883634854368826,5,5.460000000000008,1.0920000000000016,synthetic,train,0.35714260204099857,0.389999721428771,0.49320043867644203
call_8f8e2145bc91,8,5.30625,9.578571428571427,0.6235382907247944,2,1.8299999999999983,0.9149999999999991,synthetic,train,0.24999968750039064,0.2287497140628572,0.5539703388825695
call_9083846f078a,10,5.174999999999997,8.996666666666668,0.42539393507665624,3,2.0400000000000045,0.6800000000000015,synthetic,train,0.2999997000003,0.20399979600020446,0.5752124025056656
call_91a25cd95998,13,2.801538461538463,6.6825,0.2202970023190722,8,5.400000000000013,0.6750000000000016,synthetic,train,0.6153841420121985,0.41538429585823494,0.41923445854004904
call_924e8a27e4de,36,1.7958333333333343,2.3888571428571423,1.9785529471575638,32,25.379999999999978,0.7931249999999993,human,train,0.8888886419753772,0.7049998041667204,0.7517510292286387
call_925ba94f05a4,136,1.1596323529411758,0.5246666666666672,5.03888852804259,141,81.57000000000004,0.5785106382978726,synthetic,val,1.0367646296496595,0.599779367663282,2.2101847225424702
call_927c1f5f2007,12,4.802500000000003,6.861818181818179,0.5682749014661471,6,3.5999999999999908,0.5999999999999984,synthetic,train,0.49999958333368055,0.29999975000020757,0.6998863674152046
call_9491f635b944,9,1.9866666666666657,12.742500000000001,2.015421792082241,2,1.6199999999999974,0.8099999999999987,synthetic,train,0.22222197530891633,0.17999980000022195,0.1559085821134663
call_94a8c8502249,39,2.066153846153848,2.2918421052631563,1.8730649189527988,34,23.700000000000035,0.6970588235294128,human,train,0.8717946482577824,0.6076921518738081,0.9015214556859927
call_957a8384caff,10,5.700000000000002,8.286666666666665,0.6946653870749564,5,4.260000000000019,0.8520000000000039,synthetic,val,0.49999950000050003,0.4259995740004279,0.6878511409680523
call_95ccefc6e4ce,34,1.984411764705884,4.373636363636362,3.9214636645935244,17,9.300000000000022,0.547058823529413,human,val,0.4999998529412197,0.2735293313149032,0.4537202141455244
call_9741efdd34af,18,1.8683333333333323,4.990588235294119,1.6219269585352882,8,3.0299999999999905,0.3787499999999988,human,train,0.4444441975310014,0.16833323981486625,0.37437061555471474
call_97701e543c60,81,1.1818518518518513,0.4912500000000005,2.60335251239579,90,53.160000000000004,0.5906666666666667,synthetic,train,1.1111109739369167,0.6562962152720722,2.4057563242516182
call_989dad5aa1af,35,1.4442857142857137,2.1635294117647064,2.3743149729783317,30,16.200000000000014,0.5400000000000005,human,train,0.8571426122449679,0.462857010612283,0.6675569238221881
call_9a3d5b0a64a3,34,2.094705882352943,4.3190909090909075,4.556888890859241,10,3.7799999999999967,0.37799999999999967,human,val,0.2941175605536586,0.11117643788928287,0.4849865577217645
call_9bb847dfc83e,31,1.241612903225806,2.769,1.806620296728597,20,10.290000000000001,0.5145000000000001,human,val,0.6451610822061026,0.33193537679503976,0.44839596217630345
call_9c2dbbd1fe2e,9,5.196666666666669,10.43625,1.7641924498194699,1,0.6599999999999966,0.6599999999999966,synthetic,train,0.11111098765445816,0.073333251851942,0.4979433884041476
call_9dc1a304389f,14,3.3857142857142852,7.158461538461539,2.0257599306688086,3,2.160000000000011,0.7200000000000036,synthetic,train,0.21428556122459913,0.15428560408171216,0.47296608885336505
call_9f11e2c5441c,65,1.1238461538461533,0.8629687500000003,2.853224953264038,56,24.360000000000042,0.4350000000000008,human,val,0.8615383289941032,0.3747691731124355,1.3022871696969978
call_a0fbbe7bfec4,76,1.1419736842105266,0.9371999999999997,2.749962754283132,65,35.70000000000006,0.5492307692307702,human,train,0.8552630453601255,0.4697367802977928,1.2184821803123387
call_a2aa58c1750b,40,1.389,2.0107692307692306,1.9792576206105525,32,12.569999999999968,0.392812499999999,human,train,0.7999998000000499,0.31424992143751884,0.6907769777732552
call_a381913d938c,75,1.012,0.4175675675675675,2.348788278746805,58,33.540000000000006,0.5782758620689656,synthetic,train,0.773333230222236,0.4471999403733413,2.423501831994962
call_a3a1f51a4bf9,11,2.768181818181819,7.712999999999999,1.7274895079276162,1,1.1099999999999994,1.1099999999999994,synthetic,val,0.09090900826453795,0.10090899917363706,0.3588977348897278
call_a426226cf8b9,77,1.6710389610389609,0.11486842105263168,3.4681180775746365,70,59.96999999999998,0.8567142857142854,synthetic,train,0.9090907910271699,0.7788310676842766,14.546151885856549
call_a4683528fef4,44,1.4031818181818188,2.15860465116279,4.065253891038821,24,12.600000000000026,0.5250000000000011,human,train,0.5454544214876315,0.2863635712810071,0.6500381239541578
call_a49598543013,13,4.6707692307692295,7.977500000000002,1.340388864357022,9,5.580000000000027,0.620000000000003,synthetic,train,0.6923071597637233,0.4292304390535105,0.5854921185644679
call_a6481017c744,14,2.04,6.27,2.020964844102663,1,0.4200000000000017,0.4200000000000017,synthetic,train,0.0714285204081997,0.029999978571444,0.3253583327618298
call_a71916766a4f,9,3.343333333333333,11.835,0.21891779278989634,0,0.0,0.0,synthetic,train,0.0,0.0,0.28249518448512784
call_a766613f8c8a,34,1.2741176470588245,1.4027272727272722,2.347098063179683,32,14.730000000000011,0.46031250000000035,human,train,0.9411761937717076,0.4332351666955395,0.9083081143068373
call_a7c95e99f3b6,80,1.0485,0.4872151898734177,2.3275610011804555,81,46.04999999999996,0.5685185185185181,human,val,1.0124998734375157,0.5756249280468835,2.151982331357709
call_a7df1d46e72b,15,4.140000000000001,7.135714285714286,1.250570155683285,19,6.960000000000001,0.36631578947368426,synthetic,train,1.2666658222227851,0.46399969066687297,0.5801793671160022
call_a7ea289a43fd,95,1.6149473684210531,0.14457446808510604,3.7295290623144317,98,77.46000000000002,0.7904081632653064,synthetic,train,1.0315788387811748,0.815368335224386,11.169577132382258
call_a8ca5b456ce4,11,5.997272727272727,8.529,1.0314781978923622,43,20.430000000000007,0.4751162790697676,synthetic,train,3.9090873553751315,1.8572710388445108,0.7031616479840834
call_a9d29125d786,8,2.107500000000001,6.99,0.8167181713593569,14,9.600000000000001,0.6857142857142858,synthetic,train,1.7499978125027345,1.1999985000018751,0.3015017145898219
call_abf730747901,28,1.3939285714285699,2.8833333333333346,3.0948302053586074,18,8.939999999999973,0.49666666666666515,human,val,0.6428569132653881,0.3192856002551418,0.48344175850091936
call_ac80248cae29,6,7.7450000000000045,17.453999999999997,0.7694673482351226,2,0.75,0.375,synthetic,train,0.33333277777870374,0.1249997916670139,0.44373757090777455
call_acda78859d0d,77,1.2354545454545454,0.6896052631578948,4.085412479962435,67,37.890000000000015,0.5655223880597017,human,train,0.8701297571260055,0.4920778581717069,1.7915127629239767
call_ad8e23b11d98,58,1.8351724137931045,0.1415789473684201,2.586097554987007,57,55.41000000000001,0.9721052631578949,synthetic,train,0.9827584512485429,0.95534466287161,12.961268855385388
call_adf30039caa2,11,1.9118181818181794,5.9250000000000025,0.7022936448782401,6,5.2499999999999964,0.8749999999999994,synthetic,train,0.5454540495872277,0.4772722933888239,0.3226691907386112
call_aed9b45d6c31,17,2.271176470588237,4.957499999999999,1.998599141751985,10,7.3500000000000085,0.7350000000000009,synthetic,train,0.5882349480970893,0.4323526868513612,0.4581284698544708
call_af9ad367dcce,11,4.298181818181817,8.154,5.131373021999968,1,0.5399999999999991,0.5399999999999991,synthetic,val,0.09090900826453795,0.049090864462850416,0.5271249137763895
call_b0836ff3142a,11,2.942727272727272,11.001000000000001,0.7134474561782902,3,3.060000000000006,1.020000000000002,synthetic,train,0.2727270247936138,0.2781815652894866,0.26749610015146535
call_b167dd907a80,8,8.238750000000007,12.072857142857135,0.2932545213389146,7,2.3399999999999963,0.33428571428571374,synthetic,train,0.8749989062513672,0.29249963437545656,0.6824186750762375
call_b2594d9c3ffd,8,8.606250000000006,14.87571428571428,0.30925890678938683,1,0.27000000000001023,0.27000000000001023,synthetic,train,0.12499984375019532,0.033749957812554014,0.5785432584459039
call_b382ffa5187d,65,0.9715384615384612,0.9581250000000003,2.125077939747153,55,28.710000000000004,0.5220000000000001,human,train,0.8461537159763514,0.4416922397396555,1.0139891158745489
call_b3f14bd5c2b6,89,1.25123595505618,0.14522727272727237,4.084363556490509,74,48.75000000000003,0.6587837837837842,synthetic,train,0.8314605807347661,0.5477527474435119,8.61511602056698
call_b41c86402714,40,2.0220000000000002,1.5261538461538458,3.20320935975611,37,39.30000000000001,1.0621621621621624,human,train,0.9249997687500577,0.9824997543750617,1.3248905123101515
call_b5840ec7dd5e,16,2.906250000000001,4.9799999999999995,2.0339828539100315,28,9.90000000000006,0.35357142857143076,synthetic,train,1.7499989062506836,0.6187496132814955,0.5835831654956519
call_b5c4803ea37c,13,1.7792307692307683,5.800000000000001,1.642910388747525,4,1.1400000000000068,0.2850000000000017,human,train,0.30769207100609924,0.0876922402367388,0.30676339682703446
call_b5cc1f8d8fee,67,1.1243283582089556,1.262272727272727,2.778408358573844,47,27.210000000000072,0.5789361702127674,human,val,0.7014924326130697,0.40611934237024844,0.8907104041882645
call_b658b1155216,97,0.9649484536082477,0.9762499999999997,2.4460197865210795,67,36.21000000000005,0.5404477611940306,human,val,0.6907215782761259,0.3732989305877396,0.9884133874257349
call_b712f501aeb8,109,1.1944954128440362,0.6600000000000007,6.974374046630856,99,60.50999999999997,0.6112121212121209,synthetic,val,0.9082567974076332,0.555137563748847,1.8098141131862169
call_b72eccd91b8c,13,3.1223076923076927,5.9750000000000005,3.053488547169009,4,1.9200000000000017,0.4800000000000004,synthetic,train,0.30769207100609924,0.14769219408292777,0.5225610822923631
call_b78e6c8e05d3,19,3.2699999999999974,3.758333333333335,2.9775216697981643,19,20.49,1.078421052631579,human,train,0.9999994736844876,1.07842048504185,0.8700642038202991
call_b7c3a7552903,84,1.7385714285714302,0.14024096385542,3.0130439903144124,103,86.76000000000013,0.8423300970873799,synthetic,train,1.2261903302154369,1.0328570198979754,12.396146028370007
call_b956718b62ae,15,1.916000000000001,6.462857142857142,1.0621057251651413,6,4.380000000000006,0.730000000000001,synthetic,train,0.39999973333351113,0.29199980533346354,0.2964628480901999
call_b96e9305d9a2,81,0.9355555555555556,0.7717499999999998,1.5599019705548787,74,35.61000000000001,0.4812162162162163,human,train,0.9135801341259093,0.43962957535437347,1.2122363889752719
call_bac44092a11a,31,2.654516129032256,2.7170000000000014,1.0829156046971318,34,23.099999999999998,0.6794117647058823,human,train,1.0967738397503743,0.7451610499480483,0.976999027987477
call_bba20372ca37,14,3.306428571428572,5.229230769230768,3.6953873832235655,3,2.1900000000000084,0.7300000000000028,synthetic,train,0.21428556122459913,0.15642845969395797,0.6322961051791376
call_bc24a38d8bf2,67,1.5008955223880605,0.15045454545454473,4.846074238440381,65,48.120000000000054,0.7403076923076931,synthetic,train,0.9701491089329688,0.7182088480285309,9.975077636089893
call_bc2c7c34acea,83,0.7825301204819276,1.5245121951219514,2.107068758580872,67,27.33,0.407910447761194,human,val,0.8072288184061664,0.3292770687617989,0.5132953281925361
call_bc7120020303,27,1.8044444444444456,3.2469230769230757,4.339540581851778,10,6.7499999999999885,0.6749999999999988,human,train,0.37037023319620993,0.24999990740744127,0.5557381078375689
call_bd2262567810,36,1.9716666666666645,5.344285714285716,4.2351933644433055,15,10.079999999999945,0.6719999999999964,human,train,0.41666655092595806,0.2799999222222423,0.36892918582260464
call_bd98a8224da0,46,1.6571739130434768,1.382666666666668,2.3131243692949344,37,23.63999999999995,0.6389189189189176,human,val,0.8043476512287714,0.5139129317580572,1.1985259844143907
call_bda847d77eef,45,1.8100000000000003,1.311136363636363,2.334136416715897,47,32.97000000000003,0.7014893617021283,human,train,1.0444442123457305,0.7326665038518886,1.3804713571260687
call_bdfa814252df,66,2.24,0.13430769230769182,3.4256314339335825,69,74.25000000000001,1.0760869565217392,synthetic,train,1.0454543870523656,1.1249998295454806,16.67687972831353
call_be72006df132,55,1.1034545454545448,1.2477777777777788,2.0114696336466853,38,23.400000000000023,0.6157894736842111,human,val,0.690908965289279,0.425454468099188,0.8843287016480629
call_bf0384ed27ed,32,1.6415624999999994,3.573870967741936,1.9648432589542757,12,6.149999999999975,0.5124999999999978,human,val,0.3749998828125366,0.1921874399414242,0.4593220968512497
call_bf4ed1a05c84,64,1.4189062500000007,0.857619047619047,3.0382366464189157,64,42.78000000000002,0.6684375000000004,human,train,0.9999998437500244,0.6684373955566573,1.6544521829562253
call_c04725672945,10,7.473000000000003,10.613333333333332,1.3372396942956768,30,14.220000000000029,0.474000000000001,synthetic,val,2.9999970000030003,1.421998578001425,0.7041136581843678
call_c1cbe639d50f,8,2.88,7.95,1.274079499650067,6,3.1799999999999997,0.5299999999999999,synthetic,train,0.7499990625011719,0.3974995031256211,0.3622636952657921
call_c1d95df7a179,11,2.1681818181818184,5.711999999999999,0.19068298298484856,4,4.409999999999997,1.1024999999999991,synthetic,train,0.3636360330581518,0.400908726446612,0.37958298710643346
call_c21f9cf2390e,22,1.9677272727272737,3.294285714285713,2.551514447152116,9,7.950000000000003,0.8833333333333336,synthetic,val,0.40909072314058037,0.3613634721075128,0.5973134907695822
call_c337629bcbbb,42,1.822142857142857,1.8043902439024389,3.5793120506736424,36,29.069999999999972,0.8074999999999992,human,train,0.857142653061273,0.6921426923469773,1.0098329698748243
call_c3417b995627,13,2.487692307692308,6.145,0.43355861993861716,6,5.519999999999996,0.9199999999999994,synthetic,train,0.46153810650914884,0.42461505798841664,0.40483128712439986
call_c3a3ab5fa472,16,4.385625000000004,8.017999999999997,1.333274165353848,8,7.140000000000029,0.8925000000000036,synthetic,train,0.4999996875001953,0.44624972109392613,0.5469717548369241
call_c3e9e24958f7,32,2.596874999999998,3.607741935483873,1.780242372045393,53,22.979999999999947,0.4335849056603764,synthetic,train,1.6562494824220366,0.718124775586006,0.7198042011864944
call_c49b6face6c3,8,3.3974999999999995,11.79857142857143,0.7233737919341187,3,1.8000000000000043,0.6000000000000014,synthetic,val,0.37499953125058594,0.2249997187503521,0.28795834656636077
call_c4fc8a865292,22,3.4718181818181844,4.534285714285712,2.0563494005501255,23,10.320000000000062,0.44869565217391577,human,val,1.0454540702481498,0.46909069586786833,0.7656796999101547
call_c509bc8280ae,25,2.8176000000000005,2.7175,2.5706063479357217,24,21.63,0.90125,human,train,0.9599996160001536,0.8651996539201384,1.0368315111995912
call_c5b04c36bb62,68,1.2472058823529426,0.7240298507462671,4.812890970173894,48,28.500000000000046,0.593750000000001,synthetic,train,0.7058822491349633,0.41911758542388516,1.7225652442575485
call_c647ee088162,23,2.754782608695652,3.312272727272727,1.1043750068903921,20,20.730000000000008,1.0365000000000004,human,train,0.8695648393196351,0.9013039559548021,0.8316870374661193
call_c67ce09b3316,11,2.200909090909091,7.856999999999999,1.4167729015426054,4,2.0399999999999956,0.5099999999999989,synthetic,train,0.3636360330581518,0.18545437685965702,0.2801204390613085
call_c6daaae3eb0f,13,3.9784615384615405,3.8174999999999986,0.418919063565005,18,14.67000000000001,0.8150000000000006,human,train,1.3846143195274465,1.1284606704148699,1.042161392756415
call_c6e878157063,32,2.2246874999999986,2.5112903225806464,3.4791231059286907,17,10.169999999999993,0.5982352941176466,human,train,0.5312498339844268,0.31781240068362454,0.8858707499045273
call_c87e905eb0d7,14,3.0192857142857146,5.367692307692308,0.8611160659985845,11,9.870000000000005,0.8972727272727277,synthetic,train,0.7857137244901968,0.7049994964289314,0.562491274890349
call_ca184bb77a63,48,1.4981249999999997,0.9944680851063836,3.583309714584868,45,31.31999999999999,0.6959999999999997,human,val,0.9374998046875407,0.652499864062528,1.5064434525369546
call_ca5206a4f854,14,3.507857142857143,5.2130769230769225,2.518225434836869,11,7.170000000000002,0.651818181818182,synthetic,train,0.7857137244901968,0.512142491326792,0.6728944279307546
call_cbad95f3aabc,10,2.556000000000001,6.719999999999998,0.6913826726205995,6,4.170000000000002,0.6950000000000003,synthetic,train,0.5999994000006,0.4169995830004172,0.38035657685033236
call_cbb902adb22a,67,1.3849253731343276,1.047272727272728,2.484398577866742,54,42.780000000000015,0.7922222222222225,human,train,0.8059700289596972,0.6385073673869603,1.322398753525582
call_ce3072c8e106,79,1.4844303797468354,0.16269230769230777,3.624000948902837,76,58.25999999999999,0.7665789473684209,synthetic,train,0.9620251946803551,0.7374682610799668,9.123597574006727
call_ce6146a1c53e,117,1.324358974358974,0.14793103448275902,4.844126967727031,95,70.40999999999995,0.7411578947368416,synthetic,train,0.8119657425670306,0.6017948203594167,8.951938040647635
call_cea74e96e420,93,1.202903225806452,0.16434782608695628,5.43378635479406,70,48.12000000000007,0.6874285714285724,synthetic,train,0.7526880911088074,0.5174192992022266,7.318807107913655
call_cf313f91b995,20,2.338500000000001,3.7342105263157883,2.783706351724546,16,11.700000000000008,0.7312500000000005,human,val,0.7999996000002,0.5849997075001466,0.6262351094479104
call_d0442c9e97b7,101,1.2267326732673272,0.7043999999999996,8.083201855505159,120,64.05000000000011,0.533750000000001,synthetic,train,1.1881186942456738,0.6341583530536294,1.7415037737501284
call_d13864e1e455,81,1.784814814814815,0.14062499999999978,5.435884932556979,73,71.39999999999999,0.9780821917808218,synthetic,train,0.9012344566377214,0.8814813726566205,12.691113981688895
call_d13e6463c6fb,63,0.9528571428571432,1.3466129032258058,3.4198204745666785,40,14.42999999999997,0.36074999999999924,human,train,0.6349205341395977,0.2290475826908594,0.707590180275855
call_d147a02786d2,8,6.131250000000005,13.51285714285714,0.6972753094315447,3,1.860000000000003,0.620000000000001,synthetic,train,0.37499953125058594,0.23249970937536366,0.45373420275511
call_d17b2416d506,10,3.548999999999998,11.46,0.9685246512092527,1,0.29999999999999716,0.29999999999999716,synthetic,train,0.0999999000001,0.029999970000029717,0.3096855936425883
call_d38f7d5159e7,22,2.502272727272727,2.3371428571428576,1.466514934336361,17,16.11,0.9476470588235294,human,train,0.772726921487763,0.7322723944216389,1.0706500088880477
call_d3e854cbb77d,57,1.1110526315789475,1.4823214285714283,2.8788942682551237,51,23.279999999999948,0.4564705882352931,human,train,0.8947366851339148,0.40842098097877433,0.74953050995465
call_d437831f4543,10,3.1559999999999997,10.476666666666667,0.3671648131289273,2,1.1700000000000088,0.5850000000000044,synthetic,train,0.1999998000002,0.11699988300011789,0.30124056515377173
call_d4518fcb700a,9,6.4766666666666675,5.744999999999999,1.3339134154809296,5,3.6300000000000043,0.7260000000000009,synthetic,val,0.5555549382722909,0.4033328851856836,1.1273551598111524
call_d557fa43925b,35,2.175428571428571,1.9314705882352945,3.8278430767627936,33,28.919999999999966,0.8763636363636353,human,train,0.9428568734694647,0.826285478204148,1.126301027656799
call_d5d00276dd35,106,0.9266037735849052,0.49142857142857177,3.7262527873407674,93,49.35000000000004,0.530645161290323,human,train,0.8773584077963766,0.46556599381452923,1.8854925670391391
call_d60330be1b1f,41,1.8095121951219535,1.913999999999998,2.9057482817551614,31,18.570000000000086,0.5990322580645189,human,val,0.7560973765616155,0.4529267187983633,0.945403730974214
call_d72a7cb67eb0,37,1.578648648648649,3.0091666666666663,3.2202159421824046,13,6.180000000000038,0.4753846153846183,human,train,0.3513512563915523,0.1670269818846005,0.5246114879646977
call_d80d9f6f7884,46,1.2489130434782614,1.651333333333333,3.434729022084494,30,12.509999999999982,0.4169999999999994,human,train,0.6521737712665714,0.27195646261815987,0.7563012598702036
call_d88d3c23953c,91,1.6562637362637365,0.15399999999999966,3.70754038822736,86,74.43000000000006,0.8654651162790705,synthetic,val,0.9450548412027646,0.8179119980316493,10.754260997751704
call_d88d8e15e430,15,3.8120000000000003,5.505,2.051497014377551,5,3.6299999999999955,0.7259999999999991,synthetic,train,0.3333331111112593,0.24199983866677394,0.6924601408535136
call_d89caa393417,10,4.455000000000001,4.239999999999999,0.5760989498341392,37,18.690000000000015,0.5051351351351355,synthetic,train,3.6999963000037,1.8689981310018706,1.0507050690918187
call_d9b9c625f406,26,1.458461538461538,3.6948000000000003,1.5795238328247982,12,4.7999999999999865,0.39999999999999886,synthetic,train,0.4615382840237369,0.18461531360949424,0.39473248650445836
call_db5326bcb672,30,2.2020000000000013,4.4658620689655155,2.540386875298816,21,8.51999999999999,0.40571428571428525,human,train,0.6999997666667445,0.28399990533336456,0.4930727898146168
call_dc1a55102190,52,1.3107692307692307,1.7929411764705883,2.554609398023616,39,21.449999999999985,0.5499999999999996,human,val,0.7499998557692584,0.4124999206730919,0.7310680000497675
call_dcdbcc7d70e4,13,3.0900000000000025,7.269999999999999,1.0049741672914165,2,1.1400000000000077,0.5700000000000038,synthetic,train,0.15384603550304962,0.08769224023673887,0.4250338032547415
call_ddeabfdb99d4,64,1.2998437499999995,1.0057142857142864,2.8484242551500625,52,29.999999999999964,0.5769230769230762,human,train,0.8124998730468947,0.46874992675782334,1.2924454231278935
call_ddf2da1910f1,42,1.1914285714285708,1.107804878048781,2.5739160399064698,36,19.739999999999977,0.5483333333333327,human,train,0.857142653061273,0.46999988809526416,1.0754762325697056
call_df3e278ab7fe,10,4.151999999999999,8.313333333333334,1.8457762594637523,2,1.529999999999994,0.764999999999997,synthetic,train,0.1999998000002,0.1529998470001524,0.4994380519991354
call_df75973c8794,15,4.956,5.963571428571429,1.9511359328789553,32,12.269999999999975,0.3834374999999992,synthetic,train,2.133331911112059,0.8179994546670285,0.8310442406732101
call_e0a8703be347,13,4.326923076923075,6.645000000000002,4.177751511555909,4,1.3800000000000203,0.3450000000000051,synthetic,train,0.30769207100609924,0.1061537644971058,0.651153734444805
call_e0c1f661d9ca,22,2.6168181818181817,3.075714285714286,2.676755498733495,28,12.690000000000019,0.4532142857142864,human,train,1.272726694215139,0.5768179196282193,0.8507973858295523
call_e106a61086bb,16,2.428125000000002,6.528,2.55231365627346,2,0.7799999999999976,0.3899999999999988,synthetic,train,0.12499992187504883,0.048749969531268894,0.3719548530103358
call_e118b75d4937,66,1.286818181818181,0.9673846153846163,2.384663256343303,62,39.32999999999999,0.6343548387096772,human,train,0.9393937970615459,0.5959090006198482,1.3301895228211174
call_e2200941723b,56,1.2305357142857143,0.6414545454545456,3.643483271944742,74,40.77,0.550945945945946,synthetic,train,1.3214283354592258,0.72803558427936,1.918322256475998
call_e2d538297f0c,25,2.6964000000000006,5.679999999999999,3.5195087579423903,9,6.180000000000006,0.6866666666666673,human,val,0.3599998560000576,0.24719990112003978,0.4747174740889543
call_e3064936e37a,91,0.8970329670329676,0.37366666666666604,3.018730063489187,92,39.81000000000001,0.43271739130434794,synthetic,train,1.0109888998913297,0.4374724793986287,2.4005592188424103
call_e3084824935d,10,3.5669999999999993,10.440000000000001,1.284542720192674,17,8.550000000000002,0.5029411764705883,synthetic,train,1.6999983000017,0.8549991450008553,0.341666339400058
call_e31bf946a8fa,78,0.9134615384615387,0.9374025974025971,3.975702726158055,55,19.07999999999996,0.34690909090909017,human,train,0.7051281147271647,0.24461535325444136,0.9744498217674666
call_e329faf2b6a1,10,4.341000000000001,10.776666666666666,1.1149170372722812,6,3.2400000000000073,0.5400000000000013,synthetic,val,0.5999994000006,0.32399967600032475,0.40281434938352995
call_e3f555297277,10,2.877,9.496666666666668,1.6536746959423432,2,0.75,0.375,synthetic,val,0.1999998000002,0.074999925000075,0.3029480839437515
call_e4d9c2e0947a,44,1.2259090909090917,1.469999999999999,4.196229204283737,27,10.32000000000003,0.38222222222222335,human,train,0.6136362241735853,0.2345454012396822,0.833946089420543
call_e58669998b76,31,1.4022580645161296,2.6509999999999994,1.2999157797652734,25,10.41,0.4164,human,val,0.8064513527576281,0.33580634328827635,0.5289523858892007
call_e618b7b1fa5b,40,1.3102500000000001,1.8792307692307695,3.040163299499628,33,17.31000000000002,0.5245454545454552,human,train,0.8249997937500515,0.4327498918125275,0.6972230602129419
call_e697765a4dfd,8,4.612499999999999,12.227142857142857,0.6870004678725795,1,0.12000000000000455,0.12000000000000455,synthetic,train,0.12499984375019532,0.014999981250024007,0.37723418148857685
call_e69e8ba551e4,38,1.993421052631579,2.072432432432432,3.4430629434316806,34,21.270000000000042,0.6255882352941189,human,train,0.8947366066482614,0.559736694806134,0.9618704102153971
call_e6c59d28e6d7,9,3.153333333333335,6.757499999999998,0.7625614729318562,3,1.5300000000000082,0.5100000000000028,synthetic,train,0.3333329629633745,0.1699998111113219,0.4666413121598542
call_e9bd33cdb226,102,0.9661764705882355,0.4336633663366335,2.8932381022205886,92,52.83000000000001,0.5742391304347827,human,val,0.9019606958862063,0.5179411256920466,2.2278898027559597
call_eb1c9a5a2c08,66,1.044090909090908,1.1700000000000008,2.9130865059368607,43,23.699999999999974,0.5511627906976738,human,train,0.6515150528007495,0.35909085468320345,0.8923777652250043
call_ec545493459e,69,2.003913043478261,0.12308823529411808,4.940201312043048,70,65.51999999999998,0.9359999999999997,synthetic,train,1.0144926065952744,0.9495650797731765,16.27897458229454
call_ec58505fc522,37,1.356486486486486,2.161666666666667,3.2223862967338572,22,10.169999999999966,0.4622727272727257,human,train,0.5945944338933962,0.2748647905770827,0.627515903466824
call_ed020e30c242,46,1.1752173913043469,0.4680000000000009,2.4474713511702553,51,35.75999999999999,0.7011764705882351,synthetic,train,1.1086954111531715,0.7773911353497529,2.511094616149964
call_ed041799aed9,39,1.9715384615384604,2.054210526315791,4.727901074623765,30,18.210000000000004,0.6070000000000001,human,train,0.7692305719921609,0.4669229571992418,0.959750151593695
call_ed99e3ea3f0e,11,3.343636363636365,9.093,0.35350967583517495,3,2.5200000000000067,0.8400000000000022,synthetic,train,0.2727270247936138,0.22909070082663624,0.3677150210586335
call_ee227bc9d7ac,51,2.0294117647058822,1.8204,2.6581203731899237,43,43.22999999999999,1.005348837209302,human,train,0.8431370895809628,0.8476468926182561,1.114810270601613
call_eed2c7389776,14,3.353571428571427,9.583846153846155,2.243188591033987,2,1.6799999999999837,0.8399999999999919,synthetic,val,0.1428570408163994,0.11999991428577435,0.3499187983143492
call_f003741555a1,32,1.3256250000000007,2.5229032258064508,3.624511713498843,21,8.280000000000022,0.39428571428571535,human,train,0.656249794921939,0.25874991914065093,0.5254342426209542
call_f0ad1cf1aa6a,84,1.3753571428571425,0.13518072289156657,3.3998847621153208,91,60.479999999999976,0.6646153846153844,synthetic,train,1.0833332043650947,0.7199999142857242,10.173458011318465
call_f1372119b403,149,1.1295302013422814,0.4589189189189192,2.768405819132162,183,98.03999999999999,0.5357377049180327,synthetic,train,1.2281878370343733,0.6579865330210379,2.461231259958669
call_f1b82a4a46f6,26,1.6488461538461527,3.6096000000000004,3.7178320295570098,15,6.359999999999999,0.424,human,val,0.5769228550296711,0.24461529053258055,0.4567934358133296
call_f202d4ff9f96,45,1.6680000000000017,1.5613636363636347,2.613000909711442,42,23.58000000000007,0.561428571428573,human,train,0.933333125925972,0.5239998835555829,1.0682901011987718
call_f23bfe7d0e9e,12,4.362499999999996,6.139090909090911,1.768703300058086,4,1.109999999999971,0.27749999999999275,synthetic,train,0.33333305555578707,0.09249992291672848,0.7106089417002274
call_f27db4ab1f5a,19,1.5426315789473681,2.2666666666666675,3.102651667271249,10,5.910000000000016,0.5910000000000016,synthetic,train,0.5263155124655198,0.31105246786712304,0.6805697529043405
call_f2ab1c408b36,82,1.23109756097561,0.1685185185185182,4.298895795816774,82,51.60000000000006,0.6292682926829275,synthetic,train,0.9999998780487953,0.6292682159429012,7.304980615730832
call_f331303c4fb8,28,2.2532142857142863,2.2088888888888882,2.578758397329008,28,21.420000000000012,0.7650000000000005,human,train,0.9999996428572704,0.7649997267858123,1.0200622115608422
call_f5251fb3b1d9,53,2.3513207547169808,0.11711538461538461,3.5116510020474694,71,67.89000000000001,0.9561971830985918,synthetic,train,1.3396223887504926,1.2809431545390277,20.0752446827665
call_f68d3459fdc7,17,2.5517647058823507,6.238125000000002,1.7037754356998214,10,7.320000000000004,0.7320000000000004,synthetic,train,0.5882349480970893,0.43058798200706966,0.409058910376635
call_f6ce5de7ac09,15,2.8400000000000003,5.939999999999999,1.63600034928393,7,3.600000000000021,0.5142857142857172,synthetic,val,0.46666635555576297,0.23999984000010807,0.47811367320930453
call_f9fbabf70f7e,85,1.0005882352941189,0.2024999999999987,5.846071759185833,61,34.41000000000009,0.5640983606557392,synthetic,val,0.7176469743944736,0.4048234817854738,4.940932473922894
call_fa26d1186721,20,2.5874999999999977,3.650526315789476,3.272113432598185,17,10.229999999999997,0.6017647058823528,human,val,0.8499995750002125,0.5114997442501277,0.7087999614764596
call_fa4d7f2897f4,30,3.2579999999999987,3.303103448275863,4.012469346476088,28,20.219999999999956,0.7221428571428555,human,train,0.933333022222326,0.6739997753334068,0.9863421438644765
call_fa9e18dd83dd,7,6.4628571428571435,9.15,0.8452387659286426,5,2.5799999999999965,0.5159999999999993,synthetic,val,0.7142846938790088,0.36857090204156806,0.7063224130746462
call_fb1405943fed,98,1.0916326530612226,0.7125773195876308,2.3409263299972145,99,54.509999999999806,0.5506060606060587,human,val,1.0102039785506145,0.5562244330383211,1.5319282606557505
call_fc8bda4b3374,15,2.5559999999999956,8.228571428571433,0.9818495665979441,7,4.049999999999962,0.5785714285714231,synthetic,val,0.46666635555576297,0.26999982000011746,0.31062462250479833
call_fce92bad5095,50,1.4352000000000018,2.24877551020408,3.372448809009228,32,13.410000000000094,0.41906250000000295,human,train,0.6399998720000255,0.2681999463600126,0.6382111559718097
call_fdc3a7dac09f,7,4.530000000000004,16.574999999999996,1.8817848670117128,2,1.6200000000000188,0.8100000000000094,synthetic,train,0.2857138775516035,0.23142824081680152,0.27330300253212547
call_fdc44f969ade,19,3.9173684210526303,4.235000000000002,1.3312340930603879,66,32.54999999999991,0.49318181818181683,synthetic,train,3.4736823822724303,1.7131569930752621,0.924996262358915
call_fe828697f60d,14,3.664285714285715,5.628461538461536,2.927385755693527,6,3.3599999999999746,0.5599999999999957,synthetic,train,0.42857112244919826,0.23999982857154922,0.6510267821816678
call_fe8e4fc3ef69,115,1.1313913043478259,0.4736842105263159,3.3088625748421303,136,77.54999999999998,0.570220588235294,synthetic,train,1.182608592816644,0.67434776744802,2.388442330951756
call_feaca5a8cd14,29,3.4241379310344837,3.668571428571427,1.381161697799349,68,31.86000000000007,0.4685294117647069,synthetic,train,2.3448267776459386,1.098620310820585,0.9333683871282826
call_ff4042587962,11,2.0754545454545466,3.512999999999999,1.9114882350480928,6,3.4500000000000064,0.5750000000000011,synthetic,train,0.5454540495872277,0.3136360785126565,0.5907909585952067
call_fff8cae57de7,28,2.6957142857142875,2.787777777777776,5.947951381864651,18,7.4700000000000495,0.41500000000000276,human,train,0.6428569132653881,0.26678561900513786,0.9669725605379893
